ObjectID;Product (EN);Studio;Vitrine;Position;Brand;Model/Type;Colour;Colour 2;Designer;Year;Era;Country;Technische Beschrijving;Location (studio-vitrine-product);Origin;Photo;Conditie;Opslag (asbest etc.);Drawing Topics;;
DDP-0001;Card index box;1;1;1;Rolodex;NSW-24C;Grey;;Unknown;1980;Late Modern;U.S.A.;A classic 1970s/80s rotary swivel card file designed for desktop contact organization, including A-Z alphabetical dividers. It is known for its durable, covered design that keeps cards secure and dust-free.;1-1-1;JanWillem Hoftijzer ;Picture;Goed;;"Cylindrical Shapes; Matt Surfaces; Transparent Materials";;
DDP-0002;Typewriter;1;1;2;IBM;Selectric Composer;Grey;;Bruno Ninaber van Eyden;1975;Late Modern;Netherlands;In 1970, the IBM Selectric Composer represented the pinnacle of office typesetting technology, bridging the gap between standard typewriters and professional printing. Unlike the standard IBM Selectric models used for daily correspondence, the Composer was a specialized machine designed for 'cold type' publishing of books, newsletters, and manuals.;1-1-2;Unknown;;Goed;;"Block Shapes; Singular Rounding; Matt Surfaces";;
DDP-0003;Transport case;1;1;3;Unknown;;Black;;Unknown;;Pre-1950;Unknown;Transport cases are specialized containers designed to protect fragile or high-value equipment during shipping and handling. Unlike standard suitcases, they typically feature internal structures like custom foam or dividers to secure items and are often built to withstand extreme conditions, including water, dust, and heavy impacts.;1-1-3;Unknown;Picture;Redelijk;;"Block Shapes; Multiple Rounding; Matt Surfaces";;
DDP-0004;Typewriter with lid;1;1;4;Olympia;Progress;Black;;Johannes Kruger;1935;Pre-1950;Germany;"The Olympia Progress is a classic mechanical portable typewriter, produced by the German manufacturer Olympia-Werke between 1934 and 1948. The model is known for its robust ""German reliability"" and was often supplied with a distinctive wooden or metal case for transport.";1-1-4;Unknown;Picture;Redelijk;;"Singular Rounding; Glossy Surfaces";;
DDP-0005;Calculator;1;1;5;Odhner;H9S6;Grey;;Willgodt Theophil Odhner;1960;Mid-Century Modern;Sweden;A 1960s hand-cranked (non-electric) calculator, based on the original pinwheel mechanism invented by Willgodt Theophil Odhner (often referred to as Vilgot Udner in Swedish contexts).;1-1-5;Unknown;Picture;Goed;;"Block Shapes; Multiple Rounding; Glossy Surfaces";;
DDP-0006;Hole punch;1;1;6;Multio;;Black;;Unknown;1980;Late Modern;England;"These type of vintage hole punches emody the  principles of industrial functionalism and ""Buy It For Life"" philosophy. The tool's beauty comes directly from its utility, and it's: practically indestructible.";1-1-6;Unknown;Picture;Goed;;"Multiple Rounding; Glossy Surfaces";;
DDP-0007;Hole punch;1;1;6;E.J. Arnold (EA);;Grey;;Unknown;1955;Mid-Century Modern;Unknown;A robust, metal hole punch with a classic grey finish, typical of office supplies from the mid-20th century (1940s to 1960s).;1-1-6;Unknown;Picture;Redelijk;;"Multiple Rounding; Glossy Surfaces";;
DDP-0008;FM stereo receiver and amplifier;1;1;7;Bang & Olufsen;Beomaster 1900;Wood;;Jacob Jensen;1976;Late Modern;Denmark;Won the ID Award in 1976 due to the groundbreaking design at the time. Displayed in the MoMa in New York.;1-1-7;Unknown;Picture;Goed;;"Block Shapes; Matt Surfaces";;
DDP-0009;Typewriter;1;1;8;Olivetti;Lettera 22;Blue;;Marcello Nizzoli;1955;Mid-Century Modern;Italy;Iconic design from the 50s;1-1-8;Unknown;Picture;Goed;;"Multiple Rounding; Glossy Surfaces";;
DDP-0010;Typewriter with case;1;1;9;Remington;Sperry Idol;Red;;Unknown;1980;Late Modern;Netherlands;"This vintage Sperry Remington Idol was known as a compact ""student"" portable typewriter. On this type of machine, the number key '1' is often missing, being replaced by the small 'l'.";1-1-9;Unknown;Picture;Goed;;"Block Shapes; Singular Rounding; Glossy Surfaces";;
DDP-0011;Typewriter with case;1;1;10;Adler;Triumph Gabriele 2000;Orange;;Unknown;1972;Late Modern;West Germany;The Triumph-Adler Gabriele 2000 is a classic portable electric typewriter known for its bold 1970s orange color and West German engineering. Produced following Litton Industries' acquisition of both the Triumph and Adler brands, this model was sold interchangeably under both names. ;1-1-10;Unknown;Picture;Goed;;"Block Shapes; Matt Surfaces";;
DDP-0012;Typewriter with case;1;2;2;Olympia;Monica;White;;Unknown;1965;Mid-Century Modern;Germany;Constructed on the sturdy chassis of the renowned SM8/SM9 series but streamlined without advanced tabulator mechanics)Features an 11-inch carriage, a textured cream-painted metal top cover shell, distinct mint-green shift keys, and an integrated carrying plate system designed to anchor directly inside its matching hard-shell transport case.;1-2-2;Unknown;Picture;Goed;;"Block Shapes; Multiple Rounding; Glossy Surfaces";;
DDP-0013;Typewriter with lid;1;2;1;Remington;Streamliner (Sperry Rand);Blue;Crème;Carl Sundberg;1965;Mid-Century Modern;Netherlands;Sundberg designed this body architecture as part of the Remington Monarch / Sperry Rand family. It transitioned the typewriter away from heavy metal framing to a minimalist, hard-plastic enclosure featuring clean, continuous sweeping lines, recessed typing segments, and low-slung profiles meant for students and mobile professionals.;1-2-1;Unknown;Picture;Goed;;"Block Shapes; Singular Rounding; Glossy Surfaces";;
DDP-0014;Typewriter with case;1;2;3;Olivetti;Lettera DL;Black;Silver;Ettore Sottsass;1965;Mid-Century Modern;Italy;Underneath its striking exterior, the machine utilizes the mechanical internal architecture of the highly popular Olivetti Lettera 32. Sottsass elevated the portable machine into a luxury fashion statement by replacing the standard green casing with a silver-framed body and adding contrasting black leatherette panels. Notably, this iconic design was used by director Francis Ford Coppola to write the screenplay for The Godfather.;1-2-3;Unknown;Picture;Goed;;"Block Shapes; Singular Rounding; Multiple Rounding; Matt Surfaces";;
DDP-0015;Typewriter;1;2;3;Brother;AX-110;Crème;;Unknown;1990;Postmodern;England;This model features a sleek, integrated plastic casing characteristic of late-20th-century consumer technology. It includes an ergonomic sloped QWERTY keyboard layout, an integrated top-hinged protective paper cover lid, and a built-in briefcase-style carry handle tucked beneath the front base for easy portability.;1-2-3;Unknown;Picture;Goed;;"Block Shapes; Cylindrical Shapes; Matt Surfaces";;
DDP-0016;Typewriter with lid;1;2;5;Canon;Typestar 2;Black;Orange;Unknown;1985;Late Modern;Japan;It was built to bridge the gap between traditional mechanical typewriters and modern digital word processors. The design minimised mechanical parts by utilising an innovative internal thermal-transfer printing system. This choice of technology dramatically reduced the product's depth, height, and overall weight, rendering it slim enough to fit easily into a standard briefcase.;1-2-5;Unknown;Picture;Goed;;"Block Shapes; Cylindrical Shapes; Matt Surfaces";;
DDP-0017;Typewriter;1;2;6;Underwood;Finger Flite Universal;Grey;Red;Unknown;1950;Mid-Century Modern;U.S.A.;"This model represents a transition into 1950s modernist industrial styling. It features a cast metal body coated in a distinct textured ""crackle"" finish. It is accented by deep bordeaux-red elements (spacebar, platen knobs, logo plate) and ergonomic, concave green-grey plastic keys designed to fit fingertips smoothly.";1-2-6;Unknown;Picture;Goed;;"Block Shapes; Singular Rounding; Multiple Rounding; Matt Surfaces";;
DDP-0018;Typewriter with case, manual and cartridges;1;2;8;Smith-Corona;C 420;Brown;Crème;Unknown;1978;Late Modern;U.S.A.;This model features a distinct wedge-shaped body style characteristic of late 1970s office electronics. It incorporates a textured plastic top casing, stepped layout, and a low-profile carriage integrated cleanly within the primary structural framework.;1-2-8;Unknown;Picture;Goed;;"Block Shapes; Cylindrical Shapes; Matt Surfaces";;
DDP-0019;Calculator with paper roll;1;3;2;Olivetti;logos 48;Crème;Brown;Mario Bellini;1975;Late Modern;Italy;"This electronic printing calculator represents the peak of Italian ""Cassette Futurism"" and industrial office design. Bellini focused on the ergonomics of the operator, integrating a sloped user interface, a deeply recessed hood for the green vacuum fluorescent display (VFD) to prevent glare, and a striking textured vent grille layout on the upper right.";1-3-2;Unknown;Picture;Goed;;"Block Shapes; Cylindrical Shapes; Matt Surfaces; Transparent Materials";;
DDP-0020;Calculator;1;3;2;Albona;Albona 2 AB;Black;Silver;Unknown;1945;Pre-1950;Italy;This mechanical kinking-lever calculator features a full numeric matrix keyboard arranged in vertical columns, a right-side hand crank for cycle operations, and a built-in rear paper-roll printer mechanism for data logging.;1-3-2;Unknown;Picture;Goed;;"Block Shapes; Cylindrical Shapes; Multiple Rounding; Matt Surfaces";;
DDP-0021;Keyboard;1;3;1;Olivetti;Keyboard 1 (ANK 2463);Grey;Blue;Unknown;1986;Late Modern;Italy;Designed specifically for the landmark Olivetti M24 personal computer. The aesthetic features a low-profile, wedge-shaped chassis in a signature industrial dual-grey and cream palette. It is famously topped with a contrasting dark grey horizontal status bar and precise turquoise/light-blue branding.;1-3-1;Unknown;Picture;Goed;;"Block Shapes; Matt Surfaces";;
DDP-0022;Typewriter;1;3;4;Olivetti;Prestige P22-D;Crème;Grey;Mario Bellini;1990;Postmodern;Italy;This model features a distinctive postmodern, Memphis-inspired aesthetic. Its sleek, low-profile wedge shape includes a removable keyboard cover, a rear cable compartment with a hinged lid, and a built-in fold-away handle at the bottom front for ease of transit. It is celebrated for balancing industrial ergonomics with bold geometric styling, earning it a spot in the permanent collection at MoMA in New York.;1-3-4;Unknown;Picture;Goed;;"Block Shapes; Cylindrical Shapes; Singular Rounding; Matt Surfaces";;
DDP-0023;Electromechanical counting machine;1;3;3;Addo;Addo-X;Green;Grey;Unknown;1965;Mid-Century Modern;England;This machine represents mid-century functionalism, featuring an ergonomic 10-key layout angled towards the user. It is famous for its clean, modular outer shell which transitioned the brand from traditional cast-metal casings into lightweight, injection-moulded plastics.;1-3-3;Unknown;Picture;Redelijk;;"Block Shapes; Multiple Rounding; Glossy Surfaces";;
DDP-0024;Pencil sharpener;1;3;5;Boston;KS Standard Vacuum Mount;Black;Silver;Unknown;1970;Late Modern;U.S.A.;This design combined the traditional industrial Boston KS multi-hole mechanism with a portable, damage-free clamping solution. Flipping the small steel lever at the base activates an internal rubber suction pad, creating a tight vacuum seal onto non-porous surfaces like office desks or utility tables without the need for drilling screws.;1-3-5;Unknown;Picture;Redelijk;;"Block Shapes; Cylindrical Shapes; Multiple Rounding; Chrome";;
DDP-0025;Pencil sharpener;1;3;5;Boston;KS Standard Vacuum Mount;Black;Silver;Unknown;1970;Late Modern;U.S.A.;This model was a major innovation for office environments because its mechanical rubber suction base allowed it to be firmly mounted on non-porous surfaces without drilling permanent screws into furniture [1, 9]. It features an adjustable eight-hole selector dial to accommodate varying pencil thicknesses.;1-3-5;Unknown;Picture;Redelijk;;"Block Shapes; Cylindrical Shapes; Multiple Rounding; Chrome";;
DDP-0026;Electronic typewriter;1;3;6;Brother ;AX 15;Crème;;Unknown;1990;Postmodern;Japan;This machine represents the late-1980s transition from mechanical to digital office equipment. It features a wedge-shaped profile optimized for typing ergonomics, integrated carrying handle mechanics, colour-coded function keys (green and blue), and an internal chassis made of lightweight plastics over a metal sub-frame.;1-3-6;Unknown;Picture;Goed;;"Block Shapes; Cylindrical Shapes; Matt Surfaces";;
DDP-0027;Typewriter;1;3;8;Olympia;Splendid 33;Black;Crème;Unknown;1960;Mid-Century Modern;West Germany;"This model features a distinct ultra-flat ""SF"" (Schreibmaschine Flach) configuration designed for maximum mobility. It incorporates a textured crinkle-effect finish on its sheet-metal shell, integrated mechanical margins, and a streamlined carriage assembly built to sit flush within its compact zippered leatherette travel case.";1-3-8;Unknown;Picture;Goed;;"Block Shapes; Cylindrical Shapes; Multiple Rounding; Glossy Surfaces";;
DDP-0028;Typewriter;1;3;7;Remington Rand;Model 17;Black;Grey;Unknown;1945;Pre-1950;Netherlands;This heavy-duty office workstation typewriter features full side panels to mask the internal machinery, a decimal-tabulator system (the 1, 10, 100, 1000 keys) for accounting alignment, and an integrated paper scale strip on the carriage assembly.;1-3-7;Unknown;Picture;Goed;;"Block Shapes; Cylindrical Shapes; Multiple Rounding; Matt Surfaces; Chrome";;
DDP-0029;Mechanical calculator;1;4;2;Corona;Model K Adding;Black;;Glenn J. Barrett;1930;Pre-1950;U.S.A.;"This compact desktop machine features a 7-column full keyboard layout with character keys from 1 through 9. There is a dedicated row of red clear keys positioned at the bottom of the columns. It utilizes a hand-operated lever (crank) on the right side to cycle the mechanical movement. The complex gear internals automatically output printed results onto a rear-mounted paper roll tape. The dual-labeled switch on the left side (""LÖSCHUNG"" paired with an arrow) translates to ""Error/Clear"", identifying this specific unit as an export build produced for German-speaking markets.";1-4-2;Unknown;Picture;Redelijk;;"Block Shapes; Cylindrical Shapes; Multiple Rounding; Glossy Surfaces";;
DDP-0030;Mechanical calculator;1;4;1;Aldo Bona;Albona ;Black;Silver;Unknown;1940;Pre-1950;Italy;Features a full-keyboard mechanical matrix layout where each numeric column corresponds to a specific decimal place. Inputs are entered by pressing down keys, and calculations are registered into the internal mechanism using finger power and the mechanical side crank. The paper roll feed system at the top allowed it to print and list entries.;1-4-1;Unknown;Picture;Redelijk;;"Block Shapes; Cylindrical Shapes; Multiple Rounding; Matt Surfaces";;
DDP-0031;Calculator;1;4;4;Remington;Modle 1213 (EDC1213);Crème;Black;Unknown;1970;Late Modern;Japan;Features a 12-digit layout utilizing independent vacuum-fluorescent display (VFD) tubes. It includes standard algebraic arithmetic logic, a memory bank (M+, M-, MR), decimal selection sliders, a half-height zero digit display configuration typical for the brand, and a distinctive dual red equals (=) key system.;1-4-4;Unknown;Picture;Redelijk;;"Block Shapes; Singular Rounding; Matt Surfaces; Glossy Surfaces";;
DDP-0032;Calculator with printer;1;4;3;Canon;P4-D;Crème;;Unknown;1980;Late Modern;Japan;"This device represents a transition era in office tech where portable desktop electronics became compact enough to hold in one hand (""palm size""). It features a two-tone impact-resistant thermoplastic body, mechanical slide switches for calculation parameters, and a prominent mechanical paper-feed housing at the top.";1-4-3;Unknown;Picture;Redelijk;;"Block Shapes; Singular Rounding; Matt Surfaces; Glossy Surfaces";;
DDP-0033;Calculator;1;4;3;Texas Instruments;TI-5200;Brown;Gold;Unknown;1977;Late Modern;U.S.A.;This desktop calculator features a distinct late-1970s aesthetic. It utilizes a wedge-shaped profile with a dark brown plastic chassis. A metallic, brushed faceplate surrounds the keyboard matrix to contrast with the matte housing. The display window is deeply recessed under a smoked, angled cover to enhance screen contrast.;1-4-3;Unknown;Picture;Goed;;"Block Shapes; Matt Surfaces; Glossy Surfaces";;
DDP-0034;Desktop calculator;1;4;3;Olivetti;Logos 55;Grey;Multi;Mario Bellini;1975;Late Modern;Italy;Bellini introduced a sculptural wedge shape for this series. This form was heavily inspired by the ergonomics of a traditional writing lectern, orienting the control layout directly toward the user's hands and eyes. It is highly regarded as a milestone in industrial design and is preserved in permanent museum collections like the Museum of Modern Art (MoMA) in New York.;1-4-3;Unknown;Picture;Goed;;"Block Shapes; Cylindrical Shapes; Matt Surfaces";;
DDP-0285;FM stereo receiver and amplifier;1;4;3;Bang & Olufsen;Beomaster 901 (Type 2602);Wood;Silver;Jacob Jensen;1975;Late Modern;Denmark;Known for its low-profile, sleek, horizontal presentation. It introduced an architectural aesthetic to consumer electronics, seamlessly merging natural materials like warm wood veneers with industrial matte metals.;1-4-3;Unknown;Picture;Goed;;"Block Shapes; Matt Surfaces; Chrome";;
DDP-0035;Calculator;1;4;6;ABS;Murphy;Silver;Black;Unknown;1990;Postmodern;Unknown;This vintage pocket calculator features a sleek brushed aluminium front facade, flush-integrated solar panels/cells, a high-contrast liquid crystal display, and signature square-framed keys. Dual power: functions both on barrery and solar power. It displays functionalist minimalism and directly inspired early smartphone user interface designs. ;1-4-6;Unknown;Picture;Goed;;"Block Shapes; Matt Surfaces";;
DDP-0036;Number finder;1;4;6;Albert Heijn;NummerZoeker;Turqoise;White;Unknown;1995;Postmodern;Netherlands;"The device features a simple handheld plastic casing using Albert Heijn's corporate branding colours (teal blue and white). It features a basic numeric matrix keypad, an LCD screen, and dedicated operation toggle buttons labeled ""OUD"" (Old) and ""NIEUW"" (New). It was designed as a cheap, disposable electronic utility to assist citizens during the transition phase.";1-4-6;Unknown;Picture;Goed;;"Block Shapes; Matt Surfaces";;
DDP-0037;Pocket calculator;1;4;6;PTT Telecom;Numculator;Green;Purple;Unknown;1995;Postmodern;Netherlands;This specialised pocket calculator was distributed to the Dutch public ahead of Operatie Decibel (Operation Decibel) on 10 October 1995. On this date, the Netherlands transitioned to a uniform 10-digit telephone numbering system. The device features a dedicated conversion mode to help users easily translate old, shorter phone numbers into the new 10-digit format.;1-4-6;Unknown;Picture;Goed;;"Block Shapes; Multiple Rounding; Matt Surfaces";;
DDP-0038;Pocket calculator;1;4;6;Unknown;Generic 'Credit Card' Calculator;Grey;Black;Unknown;1980;Late Modern;China;This design features a basic landscape layout with a small, unadorned 8-digit liquid crystal display (LCD). The front shell relies on a simple rectangular badge insert (blank in this image) where a corporate logo could be stamped or printed.;1-4-6;Unknown;Picture;Goed;;"Block Shapes; Matt Surfaces";;
DDP-0039;Calculator;1;4;6;Texet;B82;Yellow;Multi;Unknown;1990;Postmodern;U.S.A.;The calculator relies heavily on Memphis Group design principles. It uses a contrasting, asymmetrical color-block casing (yellow, green, blue, and red) to segment functions visually for primary school children. It features extra-large, raised plastic keys for developing fine motor skills, an angled display for desk visibility, and dual-power options (solar paneled strip and battery backup).;1-4-6;Unknown;Picture;Goed;;"Block Shapes; Singular Rounding; Matt Surfaces";;
DDP-0040;Calculator;1;4;6;Texas Instruments;SR-50A;Black;Brown;Michael J. Cochran;1975;Late Modern;U.S.A.;The SR-50A was introduced as a redesigned, cost-reduced version of the original 1974 SR-50. It standardized the outer casing and button styling to match later models like the SR-52 and SR-56. It features a dark, business-like plastic body with a prominent wedge-shaped top profile to angle the red LED display towards the user.;1-4-6;Unknown;Picture;Goed;;"Block Shapes; Matt Surfaces; Glossy Surfaces";;
DDP-0041;Calculator;1;4;6;Casio;Fx-82 SUPER FRACTION;Black;Grey;Unknown;1994;Postmodern;Japan;"Features a two-piece hard shell case layout with a built-in protective slide-on cover. It uses a high-speed ""Super-FX"" interior integrated circuit, an LCD screen displaying up to 10+2 digits, and a distinct 3-tier functional layout separating system mode keys, scientific mathematical modifier rows, and standard numerical entry pads.";1-4-6;Unknown;Picture;Goed;;"Block Shapes; Singular Rounding; Matt Surfaces";;
DDP-0042;Calculator;1;4;5;Texas Instruments;ti-1250;Grey;Black;Unknown;1975;Late Modern;U.S.A.;"The TI-1250 was part of the pioneering TI-1200 family. It features a distinctive vacuum fluorescent / LED bubble display window paired with a cost-optimized, iconic plastic keyset plate. It was notably one of the earliest highly successful ""one-chip"" mass-market consumer calculators.";1-4-5;Unknown;Picture;Goed;;"Block Shapes; Matt Surfaces";;
DDP-0043;Calculator with case;1;4;5;Sinclair;Cambridge Programmable;White;Black;Sir Clive Sinclair;1977;Late Modern;England;"Rare programmable scientific calculator from to '70s, Seen as collectors item due to historical meanig in early electronics. It features a compact pocket-sized body with an integrated 8-digit red LED display. It famously includes a ""pregnant"" bulge on the back compartment to accommodate a larger 9V PP3 battery. It utilizes a highly condensed 19-key layout to handle all scientific and programming functions.";1-4-5;Unknown;Picture;Goed;;"Block Shapes; Multiple Rounding; Glossy Surfaces";;
DDP-0044;Calculator;1;4;5;Texas Instruments;TI-30 galaxy;Crème;Grey;Unknown;1984;Late Modern;U.S.A.;This model departed from the traditional vertical 'portrait' layout of the standard TI-30 line, opting instead for a horizontal 'landscape' orientation. It features an angled LCD screen housing to reduce overhead glare, a prominent grooved texture pattern on the keys for tactical feedback, and a built-in protective hard slide case.;1-4-5;Unknown;Picture;Redelijk;;"Block Shapes; Matt Surfaces";;
DDP-0045;Telechipper;1;4;4;PTT Telecom;TeleChipper;Yellow;;Unknown;1997;Postmodern;Netherlands;"This handheld device was created to let consumers top up their electronic wallet (""Chipper"" card) from home. It featured a built-in card slot and an acoustic coupler cup in the middle. Users would slide their bank card into the slot, dial the bank's automation number on their landline telephone, and physically press their telephone handset's mouthpiece/earpiece against the device's circular rubber cup. The device used audible DTMF sound tones to securely transmit balance data and confirmation codes down the line.";1-4-4;Unknown;Picture;Goed;;"Block Shapes; Cylindrical Shapes; Singular Rounding; Matt Surfaces";;
DDP-0046;Calculator with printer;1;4;5;Casio;HR-100HT;Black;Grey;Unknown;1985;Late Modern;Japan;A classic portable desktop adding machine targeted at accountants and retail staff. It combines a physical mechanical ink roller mechanism with a digital vacuum fluorescent/LCD screen. The stepped layout separates the printing well from the slanted key matrix for better ergonomic typing.;1-4-5;Unknown;Picture;Goed;;"Block Shapes; Matt Surfaces";;
DDP-0047;Language guide and translator with case;1;4;5;Craig;M100;Black;;Ron Gordon;1979;Late Modern;U.S.A.;It was one of the earliest consumer electronic pocket translators. It utilized interchangeable internal cartridge language modules (such as English, French, and Spanish) powered by a Mostek MK3870 microcontroller.;1-4-5;Unknown;Picture;Goed;;"Block Shapes; Singular Rounding; Multiple Rounding; Matt Surfaces";;
DDP-0048;Calculator with printer;1;4;5;Casio;HR-9;Crème;;Unknown;1980;Late Modern;Japan;It features an integrated miniature internal thermal/ink-roll printer mechanism at the top, a clear plastic paper-roll bay shield, rubberised primary keys, and an liquid-crystal display (LCD). The color palette relies on typical retro-computing beige with blue, grey, and red accent keys to establish distinct functional groups.;1-4-5;Unknown;Picture;Goed;;"Block Shapes; Matt Surfaces";;
DDP-0049;Pocket calculator;1;4;5;Unknown;Generic folding solar calculator;Black;Grey;Unknown;1995;Postmodern;China;"It features a lightweight plastic ""clamshell"" layout that folds closed to protect the keys and display. It utilizes a dual power system, consisting of a standard solar panel strip and an internal button cell battery backup. Branded with dupont logo (French brand) probably as gift item.";1-4-5;Unknown;Picture;Goed;;"Block Shapes; Singular Rounding; Matt Surfaces";;
DDP-0050;Pocket calculator;1;4;5;Unknown;Generic solar calculator;Black;Red;Unknown;1990;Postmodern;Unknown;This model features a hard-shell folding notebook orientation where the solar panel and LCD screen sit on the top flip lid, protecting the soft rubberised buttons underneath when closed.;1-4-5;Unknown;Picture;Goed;;"Block Shapes; Matt Surfaces";;
DDP-0051;Typewriter with interchangeable typeface elements;1;4;8;IBM;Selectric II;Red;Black;Eliot Noyes;1978;Late Modern;China;"Under the strategic direction of Eliot Noyes, the Selectric II moved away from the organic, soft curves of the 1961 original towards a more architectural, hard-edged aesthetic. Its breakthrough functional design utilized a rotating mechanism colloquially called the ""golfball"" type element instead of traditional typebars, allowing a stationary paper carriage to dramatically save office desk space";1-4-8;Unknown;Picture;Goed;;"Singular Rounding; Multiple Rounding; Matt Surfaces; Chrome";;
DDP-0052;Carry bag for typewriter;1;4;7;Olivetti;Lettera 32;Blue;Black;Marcello Nizzoli;1963;Mid-Century Modern;Italy;This case was custom-molded to mirror the slim, wedge-shaped profile of the Lettera 32 portable typewriter. It represents the height of mid-century Italian industrial design, blending utility with a minimalist aesthetic. The iconic design features a signature vertical black racing stripe against a soft blue-grey vinyl body, making it instantly recognizable.;1-4-7;Unknown;Picture;Goed;;;;
DDP-0053;Cheque writer (protectograph);1;5;2;Todd;Model 1700;Green;Silver;Unknown;1930;Pre-1950;U.S.A.;This mechanical security device was built to prevent check fraud. Sliding the front levers sets a financial amount, and pulling the wooden crank handle drives an inked, textured die into the paper. This process simultaneously prints the value and deeply embosses or perforates the fibers of the check, making it impossible to alter or erase the text without destroying the paper.;1-5-2;Unknown;Picture;Goed;;"Block Shapes; Singular Rounding; Multiple Rounding; Matt Surfaces";;
DDP-0054;Hole punch;1;5;1;Unknown;Heavy-Duty Lever Perforator;Grey;Wood;Unknown;1970;Late Modern;Netherlands;This utility tool prioritises pure function over commercial branding. It features a heavy cast-iron upper body assembly, a raw steel compression tension coil spring, and a basic flat metal sheet alignment margin guide. The upper machine housing is permanently bolted down to a solid varnished hardwood block base to distribute pressure evenly and stop the heavy mechanism from sliding across a desk surface during use.;1-5-1;Unknown;Picture;Redelijk;;"Block Shapes; Multiple Rounding; Glossy Surfaces";;
DDP-0055;Pencil sharpener packaging;1;5;1;Boston;KS Standard;White;Red;Unknown;1970;Late Modern;U.S.A.;A folding box made of lightweight clay-coated paperboard. It features two-colour printing (maroon and black ink over a white base), a bold modernist font layout, and a simulated product photograph printed directly on the front panel;1-5-1;Unknown;Picture;Redelijk;;"Cylindrical Shapes; Glossy Surfaces; Chrome";;
DDP-0056;Staple gun;1;5;1;Skandia;Heavy Duty Cable/Wire Tacker;Silver;Brown;Unknown;1975;Late Modern;West Germany;This manual tacker is constructed from thick, stamped sheet steel. It features an integrated safety loop at the top to lock the handle down when stored, and a distinct maroon/brown coated lower guard plate acting as a base stabilizer.;1-5-1;Unknown;Picture;Redelijk;;"Multiple Rounding; Chrome";;
DDP-0057;Hole punch;1;5;1;E.J. Arnold (EA);Desktop 2-Hole Perforator;Grey;;Unknown;1960;Mid-Century Modern;;The object is a mechanical lever-operated punch constructed entirely from heavy-duty cast and sheet metal with a sprayed enamel finish. It features integrated spring-loaded cylindrical plunger pins and a flexible rubberised bottom base trim that serves both as non-slip desk feet and a tray to catch paper confetti scraps.;1-5-1;Unknown;Picture;Redelijk;;"Multiple Rounding; Glossy Surfaces";;
DDP-0058;Electromechanical counting machine;1;5;4;Olympia;1182;White;;Unknown;1955;Mid-Century Modern;Germany;It features a robust, heavy-duty industrial casing typical of mid-century German office equipment. The keys utilize a colour-coded system (terracotta orange-red for digits, muted sage green for function blocks) to establish a clear visual hierarchy and streamline numerical entry.;1-5-4;Unknown;Picture;Goed;;"Block Shapes; Multiple Rounding";;
DDP-0059;Bag sealer;1;5;3;Rapid;Phoenix;Green;;Unknown;1990;Postmodern;Sweden;This machine is a Phoenix bag closer, a widely used tool in various sectors for quickly and efficiently closing plastic bags.;1-5-3;Unknown;Picture;Goed;;"Block Shapes; Singular Rounding; Matt Surfaces";;
DDP-0060;USB hub;1;5;3;Apacer;PH150;Multi;;Unknown;2006;Digital Era;Taiwan;The Apacer PH150 is an innovative 4-port USB 2.0 hub: an iconic design known for its playful design with colorful rotating blocks.;1-5-3;Unknown;Picture;Goed;;"Block Shapes; Multiple Rounding; Glossy Surfaces";;
DDP-0061;Stapler;1;5;3;Boss;;Grey;;Unknown;1958;Mid-Century Modern;U.S.A.;Classic industrial mid-century desk stapler from the Boss brand, probably from the 1950s or 1960s. Made of sturdy metal.;1-5-3;Unknown;Picture;Goed;;"Block Shapes; Multiple Rounding; Glossy Surfaces";;
DDP-0062;Stapler;1;5;3;SAX;80;Grey;;Unknown;1965;Mid-Century Modern;Austria;This is a vintage SAX 80 stapler, a classic office tool suitable for 24/6 and 26/6 staples. This Austrian brand is known for its reliability.;1-5-3;Unknown;Picture;Redelijk;;"Multiple Rounding; Matt Surfaces; Chrome";;
DDP-0063;Label maker;1;5;3;Motex;E101;Orange;;Unknown;1975;Late Modern;U.S.A.;This is a manual Motex E101 embossing label maker, which allows you to print text in relief on plastic tape.;1-5-3;Unknown;Picture;Goed;;"Cylindrical Shapes; Glossy Surfaces";;
DDP-0064;Perfume bottle;1;5;3;Cacharel;Lou Lou;Blue;;Annegret Beier;1987;Late Modern;France;This is a bottle of the famous Lou Lou perfume from the French fashion house Cacharel. The perfume was created by Jean Guichard, with the bottle designed by Annejet Beier. This design was considered highly innovative in the 1980s and has remained unchanged ever since.;1-5-3;Unknown;Picture;Goed;;"Block Shapes; Glossy Surfaces";;
DDP-0065;Tape dispenser;1;5;3;Tesa;Easy Cut Curve;Black;;Unknown;2018;Digital Era;Germany;This Tesa tape dispenser has a weighted base with a non-slip sole, allowing you to operate it with one hand without it slipping. It's made of high-quality polystyrene (plastic).;1-5-3;Unknown;Picture;Goed;;"Cylindrical Shapes; Singular Rounding; Matt Surfaces";;
DDP-0066;Calculator with paper roll;1;5;6;Canon;BP25-D;Crème;;Unknown;1991;Postmodern;China;This is an electric Canon BP25-D desktop calculator with a built-in roll printer. The calculator features functions such as item counting, constant calculations, currency conversion, and a fluorescent tube display.;1-5-6;Unknown;Picture;Goed;;"Block Shapes; Singular Rounding; Matt Surfaces";;
DDP-0067;Mechanical calculator;1;5;5;NFI;3A;Black;;Unknown;1951;Mid-Century Modern;Germany;This vintage NFI 3A adding machine is a collector's item, characterized by a mechanical design with physical number keys and a lever for manual operation. The NFI Nuremberg-Fürther Industriewerke went into production in 1950.;1-5-5;Unknown;Picture;Redelijk;;"Block Shapes; Cylindrical Shapes; Multiple Rounding; Glossy Surfaces";;
DDP-0068;Promotional lighter;1;5;8;Unknown;;White;;Unknown;1998;Postmodern;China;"This is a collector's item, specifically a promotional roadside lighter that says ""CITY AND COUNTRY."" The product typically operates using a piezoelectric mechanism that produces a flame of approximately 1000°C.";1-5-8;Unknown;Picture;Goed;;"Cylindrical Shapes; Singular Rounding; Matt Surfaces; Chrome";;
DDP-0069;Lighter;1;5;8;Corona;;Black;;Unknown;1980;Late Modern;Japan;This lighter is from the renowned Japanese brand IM Corona. This specific, slim, rectangular model, crafted from heavy metal and featuring vertical air intake slots, was primarily produced between the 1970s and 1990s.;1-5-8;Unknown;Picture;Goed;;"Cylindrical Shapes; Singular Rounding; Glossy Surfaces; Chrome";;
DDP-0070;Steam cleaner / suction brush;1;5;8;Stamp ELECTRIC;;Yellow;;Unknown;1965;Mid-Century Modern;USSR;This item is a vintage electric vacuum brush, a compact handheld vacuum cleaner that was mainly popular in the 1960s and 1970s for cleaning clothes, furniture and tablecloths.;1-5-8;Unknown;Picture;Redelijk;;"Cylindrical Shapes; Matt Surfaces";;
DDP-0071;Mechanical calculator;1;5;7;Rheinmetall;;Black;;Unknown;1940;Pre-1950;Germany;This is a vintage Rheinmetall stepped drum calculator. It features a full keyboard for entering numbers.;1-5-7;Unknown;Picture;Redelijk;;"Block Shapes; Multiple Rounding; Matt Surfaces";;
DDP-0072;Vacuum cleaner;1;6;1;Holland Electro (HE);HE 3000;White;;Unknown;1975;Late Modern;Netherlands;This particular model is a classic sled vacuum cleaner from the 1970s or 1980s. The design is characterized by its vertical construction and the distinctive controls on the bottom.;1-6-1;;;;;"Block Shapes; Cylindrical Shapes; Multiple Rounding; Glossy Surfaces";;
DDP-0073;Handheld vacuum cleaner;1;6;2;Siemens;Rapid;White;;Unknown;1955;Mid-Century Modern;Germany;This object is a Siemens Rapid, an iconic handheld vacuum cleaner that is symbolic of post-World War II German industrial design.;1-6-2;;;;;"Cylindrical Shapes; Glossy Surfaces; Chrome";;
DDP-0074;Handheld vacuum cleaner;1;6;3;Hoover;Dustette;Blue;;William H. Kitto;1930;Pre-1950;U.S.A.;"The Hoover Dustette is the world's first portable hand-held vacuum cleaner and a milestone in industrial design. In its early years, it was a luxury item; it cost £4.19s.6d at the time, equivalent to over €250 today. The model remained in production with minimal external changes until the 1970s, a testament to the design's longevity.";1-6-3;;;;;"Cylindrical Shapes; Matt Surfaces; Glossy Surfaces; Chrome";;
DDP-0075;Steam iron;1;6;4;Philips ;Mistral 2100;Blue;;Unknown;2000;Digital Era;Netherlands;The Philips Mistral is a steam iron from the early 2000s, designed by the Philips Experience Design team in the Netherlands. The product features a functional design with a pointed tip for precision and an integrated anti-scale system for durability.;1-6-4;;;;;"Multiple Rounding; Glossy Surfaces; Matt Surfaces; Transparent Materials";;
DDP-0076;Handheld vacuum cleaner;1;6;5;Hoover;Dustette;Brown;;William H. Kitto;1930;Pre-1950;U.S.A.;The Hoover Dustette is the world's first portable hand-held vacuum cleaner and a milestone in industrial design. The model remained in production with minimal external changes until the 1970s, a testament to the design's longevity.;1-6-5;;;;;"Cylindrical Shapes; Matt Surfaces; Glossy Surfaces; Chrome";;
DDP-0077;Handheld vacuum cleaner;1;6;5;PRO-VAC;Car-Vac or similar;Crème;;Unknown;1980;Late Modern;Netherlands;This cordless handheld vacuum cleaner is specifically designed for use in cars, boats, and caravans. Its 1980s design follows the introduction of the first popular cordless handheld vacuums, such as the Black & Decker DustBuster.;1-6-5;;;;;;;
DDP-0078;Wall mount for handheld vacuum cleaner;1;6;6;Unknown;;Crème;;Unknown;1980;Late Modern;Netherlands;This item is a vintage wall mount for a household appliance, made of injection-molded plastic. The mount functions as a functional docking station with a wide base and a round recess for the suction nozzle and charging plug.;1-6-6;;;;;;;
DDP-0082;Cylinder vacuum cleaner;1;6;7;Excelsior;Type 8100;Grey;;Unknown;1955;Mid-Century Modern;Netherlands;This is a classic example of a canister vacuum cleaner from the mid-20th century. These vacuums were known for their cylindrical shape resting on a metal sled, allowing them to glide easily across the floor.;1-6-7;;;;;"Block Shapes; Cylindrical Shapes; Multiple Rounding; Glossy Surfaces";;
DDP-0079;Handheld vacuum cleaner packaging with charger;1;6;8;Black & Decker;Spir 2000;Multi;;Unknown;1992;Postmodern;U.S.A.;This is an original box of the Black & Decker Spin 2000 (model HC85), a cordless dustbuster from the early 1990's;1-6-8;;;;;;;
DDP-0080;Digital thermometer;1;6;8;TravelSafe;;White;;Unknown;2010;Digital Era;Netherlands;This digital thermometer is a compact tool that is often used when traveling or for home use to quickly measure body temperature.;1-6-8;;;;;"Block Shapes; Cylindrical Shapes; Glossy Surfaces; Matt Surfaces; Chrome";;
DDP-0081;Vacuum cleaner;1;7;1;Siemens-Schuckert;Potos Model G;Yellow;;Unknown;1930;Pre-1950;Germany;This object is an antique vacuum cleaner, manufactured by Siemens-Schuckert. The Protos models were known for their distinctive drum-shaped design and the bright yellow color often seen on later industrial collectibles.;1-7-1;;;;;"Cylindrical Shapes; Glossy Surfaces";;
DDP-0083;Portable vacuum cleaner;1;7;2;Excelsior;;Grey;;Unknown;1955;Mid-Century Modern;Netherlands;This vintage Excelsior sled vacuum cleaner is an iconic piece of post-war Dutch industrial design. It's a sled model, designed to glide across the floor on metal gliders instead of wheels, which were the standard for luxury vacuum cleaners at the time.;1-7-2;;;;;;;
DDP-0084;Charcoal iron;1;7;3;Unknown;;Brown;;Unknown;1880;Pre-1950;Netherlands;This is an antique cast-iron charcoal or peat iron with a chimney, dating from the 19th century. In the Netherlands, these specific models with a short chimney are also known as Drentse irons, because they were often fueled with peat, which was common in that region.;1-7-3;;;;;"Block Shapes; Cylindrical Shapes; Singular Rounding; Matt Surfaces";;
DDP-0085;Cylinder vacuum cleaner;1;7;4;Electrolux;Model 30 / Model XXX;Blue;;Unknown;1940;Pre-1950;Sweden;This design is an icon in the history of home appliances and is known for its revolutionary design. The Model 30 was one of the first vacuum cleaners to use a disposable paper dust bag, a huge hygienic advancement at the time. Thanks to its robust build quality, many examples are still in use today, more than 70 years later.;1-7-4;;;;;"Cylindrical Shapes; Glossy Surfaces; Chrome";;
DDP-0086;Different vacuum cleaner nozzles;1;7;5;Unknown;;Black;;Unknown;1990;Postmodern;;;1-7-5;;;;;"Cylindrical Shapes; Matt Surfaces";;
DDP-0087;Iron;1;7;6;Unknown;;Petina;;Unknown;1880;Pre-1950;Germany;This object is an antique box iron (also called a coal iron), a type that was widely produced in the 19th century. It's made of cast iron and contains a compartment for glowing coals which can be opened with the vertical pin at the back.;1-7-6;;;;;"Multiple Rounding; Chrome";;
DDP-0088;Iron;1;7;6;Ruton;STY 11;Silver;;R.S. Stokvis & Zonen;1956;Mid-Century Modern;Netherlands;"The Ruton STY 11 is a classic dry iron (without steam) for everyday use. This model is known for its durability. The heavy metal soleplate was a deliberate design choice; the weight of the iron was intended to do most of the work, so the user had to press less hard.";1-7-6;;;;;"Multiple Rounding; Chrome";;
DDP-0089;Iron;1;7;6;Unknown;;Petina;;Unknown;1880;Pre-1950;Netherlands;This is an antique brass or copper coal iron with a wooden handle, primarily used in the 19th century. Instead of electricity, the iron was heated by placing live coals in the tray. Openings on the sides provided the necessary airflow to keep the coals burning.;1-7-6;;;;;;;
DDP-0090;Iron;1;7;6;Unknown;;Petina;;Unknown;1880;Pre-1950;Netherlands;This type of coal iron is very heavy (often between 3 and 5 kilos) because it's made entirely of solid cast iron. It has a chimney at the back to vent the smoke from the glowing coals.;1-7-6;;;;;;;
DDP-0091;Iron;1;7;6;Unknown;;Petina;;Unknown;1880;Pre-1950;Netherlands;These types of cast iron coal irons were widely used from the mid-19th century until the First World War. The jute wrapping is not a factory standard, but an authentic customization made by the user to hold the metal handle, which could become extremely hot.;1-7-6;;;;;;;
DDP-0092;Cylinder vacuum cleaner;1;7;7;Ruton;R10;Brown;;Rudolf Blik;1955;Mid-Century Modern;Netherlands;The Ruton R10 is an iconic model from the history of Dutch household appliances. This model was the direct successor to the earlier S-series and remained one of the flagship models of the Rudolf Blik factory in The Hague until around 1957.;1-7-7;;;;;"Multiple Rounding; Chrome";;
DDP-0093;Iron;1;7;8;Unknown;;Petina;;Unknown;1880;Pre-1950;Netherlands;This is an antique cast-iron charcoal iron that needs to be filled with glowing coals to generate heat. It has air holes on the sides, and the top can be flipped open to fill the charcoal compartment. Such irons were common until about 1950, before electric irons became the norm.;1-7-8;;;;;;;
DDP-0094;Vacuum cleaner;1;8;1;Excelsior;650;Blue;;Unknown;1975;Late Modern;Netherlands;This vintage appliance is an Excelsior vacuum cleaner, a brand with a deep-rooted history in Dutch industry. The suitcase model, or portable vacuum cleaner, was popular because of its compactness and ease of storage, unlike the larger canister vacuums.;1-8-1;;;;;"Block Shapes; Cylindrical Shapes; Multiple Rounding; Glossy Surfaces";;
DDP-0095;Cylinder vacuum cleaner;1;8;2;Holland Electro (HE);E4;Turqoise;;Unknown;1955;Mid-Century Modern;Netherlands;"This vacuum cleaner is a classic ""sled"" model with a metal base that allowed it to glide across the floor. This type of vacuum cleaner was often manufactured in Rotterdam during the 1950s and 1960s. Such vacuum cleaners were innovative at the time because they could both suck and blow by connecting the hose to the opposite end.";1-8-2;;;;;"Cylindrical Shapes; Glossy Surfaces; Chrome";;
DDP-0096;Information booklet;1;8;3;Siemens;Flormatic;White;;Unknown;1985;Late Modern;West Germany;"This is an informational/promotional document for the Siemens Flormatic, a multifunctional suction and brush nozzle (also called a ""Saug-Kehr-Bürste"") for vacuum cleaners.";1-8-3;;;;;;;
DDP-0097;Vacuum cleaner;1;8;4;Philips ;HZ 4820;Grey;;Unknown;1974;Late Modern;Netherlands;"In the 1970s, these ""tank"" models were known for their durability and were often considered appliances that could last a lifetime. The design, with its gray housing, blue head, and red stripe with the logo, is highly characteristic of Philips' visual identity in those days.";1-8-4;;;;;;;
DDP-0098;Iron;1;8;4;Unknown;;Silver;;Unknown;1920;Pre-1950;Netherlands;"This specific model dates from the transition from the classic iron to more modern appliances. Between 1910 and 1930, electric irons were often not yet plugged into an electrical outlet, but instead connected directly to a light bulb socket via a special plug (a ""crook"").";1-8-4;;;;;;;
DDP-0099;Iron;1;8;4;Underwood;;Petina;;Unknown;1920;Pre-1950;Netherlands;;1-8-4;;;;;;;
DDP-0100;Travel iron with packaging;1;8;4;Cherry;B-Type;Turqoise;;Unknown;1965;Mid-Century Modern;Japan;This is the exact same model travel iron with foldable handle, as sold by more well-known brands like Juliette and Valiant. In the 1960s and 1970s, factories in Japan and Taiwan mass-produced these irons, after which they were sold by various importers under their own names.;1-8-4;;;;;;;
DDP-0101;Iron;1;8;4;Ruton;;Petina;;Unknown;1945;Pre-1950;Netherlands;This is a vintage Ruton electric iron with a metal frame and electrical connection, typical of mid-20th-century appliances. It has a classic triangular metal soleplate with a dark-colored, ergonomically shaped Bakelite handle.;1-8-4;;;;;;;
DDP-0102;Iron;1;8;4;Morphy-Richards;CA75;Silver;;Donal Morphy & Charles Richards;1954;Mid-Century Modern;England;"This iron is considered a classic example of post-war British modernism. It is included in the collection of the Museum of Design in Plastics (MoDiP) for its innovative use of compression-molded Bakelite for the handle. It was one of the first affordable irons with a reliable thermostatic control (the ""Auto-Control""), a major advance for households at the time. The CA75 is known for its robustness; many examples are still in working order after 70 years.";1-8-4;;;;;;;
DDP-0103;Iron;1;8;4;Morphy-Richards;CA75;Silver;;Donal Morphy & Charles Richards;1954;Mid-Century Modern;England;"This iron is considered a classic example of post-war British modernism. It is included in the collection of the Museum of Design in Plastics (MoDiP) for its innovative use of compression-molded Bakelite for the handle. It was one of the first affordable irons with a reliable thermostatic control (the ""Auto-Control""), a major advance for households at the time. The CA75 is known for its robustness; many examples are still in working order after 70 years.";1-8-4;;;;;;;
DDP-0104;Travel iron;1;8;5;Unknown;;Green;;Unknown;1940;Pre-1950;England;"This item is a vintage electric travel iron, also known as a ""Piccolo"" or produced by brands like Arc or Chesterton. These models were primarily produced between 1930 and 1950. They were popular at a time when electric ironing was becoming modern, but appliances still had to be compact for travelers.";1-8-5;;;;;;;
DDP-0105;Travel iron;1;8;5;Unknown;;Silver;;Unknown;1925;Pre-1950;Germany;This is an early electric travel iron from the 1920s–1935 period. It's a compact traveler's design with a rattan-wrapped handle for heat insulation. The iron has a 150-watt output and is dual-voltage (110/220V), which was essential for international travel at the time.;1-8-5;;;;;;;
DDP-0106;Vacuum cleaner;1;8;6;Holland Electro (HE);HE 3000;Yellow;;Unknown;1977;Late Modern;Netherlands;This item is a vintage Holland Electro 3000 vacuum cleaner. These vacuum cleaners were known for their robust construction and sold for around 439 guilders at the time. This particular example is a collector's item due to its nostalgic value and iconic retro design.;1-8-6;;;;;;;
DDP-0107;Handheld vacuum cleaner;1;8;6;Rio;Sauger;Orange;;Unknown;1972;Late Modern;West Germany;The item in the photo is a vintage handheld vacuum (also called a dustbuster or table vacuum) from the 1970s. This particular model was popular as an accessory for cars or for small household use on tables and desks. The futuristic, rounded design and bright orange color were typical of the optimistic design style of the 1970s.;1-8-6;;;;;;;
DDP-0108;Toy iron;1;8;7;Unknown;;Red;;Unknown;1960;Mid-Century Modern;Germany;This item is a vintage toy iron, also called a miniature iron, that probably dates from the 1950s or 1960s. Such irons were also produced as decorative collectibles.;1-8-7;;;;;;;
DDP-0109;Steam iron;1;8;7;Moulinex;VarioJet Plus 3200;White;;Unknown;1995;Postmodern;France;The Moulinex Variojet Plus 3200 is an iconic steam iron that symbolizes European home appliances of the 1990s. Its design is typical of the brand's functional, ergonomic style from that era, with its signature orange accent buttons.;1-8-7;;;;;;;
DDP-0110;Vacuum cleaner;1;9;1;F.A.M. Skyline;Electronic FC 4200;Crème;Brown;Unknown;1985;Late Modern;Netherlands;The Skyline series was known for its sleek, functional design. Its design reflects the transitional period in which household appliances became more compact and were equipped with more modern electronic functions, such as the suction power slider seen on this model.;1-9-1;Unknown;Picture;Goed;;;;
DDP-0111;Handheld vacuum cleaner;1;9;2;Siemens;Rapid VAt93;Red;Grey;Unknown;1960;Mid-Century Modern;Germany;The Siemens Rapid is an iconic series of handheld vacuum cleaners with a history dating back to the first lightweight models from 1935. In the 1970s, the Rapid line was very popular and appeared in various striking colors that reflected the spirit of the times.;1-9-2;Unknown;Picture;Redelijk;;;;
DDP-0112;Vacuum cleaner;1;9;2;Siemens-Schuckert;Protos;Green;;Unknown;1930;Pre-1950;Germany;This antique vacuum cleaner is a Siemens-Schuckert Protos boiler vacuum from the early 20th century. The object is made of green enameled iron with a wooden handle.;1-9-2;Unknown;Picture;Redelijk;;;;
DDP-0113;Iron;1;9;3;Philips ;HA2751;Black;Silver;Unknown;1967;Mid-Century Modern;Netherlands;This specific vintage model is a prime example of Dutch industrial design from its period. Although Philips is now a global concern with production and design centers in various countries, the designs for such classic household appliances came directly from the Dutch design departments at the time.;1-9-3;Unknown;Picture;Goed;;;;
DDP-0114;Vacuum cleaner;1;9;4;Siemens;Super 32;Orange;Silver;Unknown;1973;Late Modern;Germany;This specific model stands out due to its Space Age aesthetic, which was very popular at the time. The vertical design was an innovation to save space in smaller households.;1-9-4;Unknown;Picture;Redelijk;;;;
DDP-0115;Iron;1;9;5;Continental;;Black;White;Unknown;1955;Mid-Century Modern;Netherlands;This is a vintage Continental electric iron, a collector's item with a distinctive retro design. The appliance features a metal soleplate and a black and white Bakelite housing.;1-9-5;Unknown;Picture;Goed;;;;
DDP-0116;Iron;1;9;5;Inventum;253 Serie;Silver;Black;Unknown;1940;Pre-1950;Netherlands;The device has a heavy, chrome-plated or nickel-plated soleplate that retains heat well. The small black knob on the top (often with a scale from 1 to 5 or with plus/minus signs) is used for temperature control.;1-9-5;Unknown;Picture;Goed;;;;
DDP-0117;Travel iron;1;9;6;Novol;Holiday;Silver;Black;Unknown;1965;Mid-Century Modern;France;This object  is a vintage travel iron, a compact and foldable model that was popular in the 1960s and 70s. It is recognizable by the chrome-plated casing and the black Bakelite handle that folds flat for storage.;1-9-6;Unknown;Picture;Goed;;;;
DDP-0118;Iron;1;9;6;Termozeta;Baby 124;Black;White;Unknown;1975;Late Modern;Italy;"This specific model was intended as a ""mignon"" (miniature) travel iron and is today a beloved object among collectors of Italian vintage design.";1-9-6;Unknown;Picture;Goed;;;;
DDP-0119;Iron;1;9;6;Philips ;HD 1126;Black;Green;Unknown;1970;Late Modern;Netherlands;This model is a vintage iron that was produced by Philips, with advertisements dating back to the 1970s. It was promoted at the time as a lightweight aluminium iron.;1-9-6;Unknown;Picture;Goed;;;;
DDP-0120;Iron;1;9;6;Philips ;HA 2751;Brown;Silver;Unknown;1957;Mid-Century Modern;Netherlands;This iconic dry iron is known for its typical 1950s and 60s design with a dark brown (bakelite) housing and a chrome-plated soleplate. In 2006, this model was even nominated for the longlist of the best Dutch design of the past hundred years.;1-9-6;Unknown;Picture;Goed;;;;
DDP-0121;Iron with packaging;1;9;7;General Electric;3 FD 161;Silver;Black;Unknown;1950;Mid-Century Modern;U.S.A.;The General Electric 3 FD 161 is a vintage electric iron from the 1950s. This specific model is known for its robust mid-century design and was a popular household appliance at the time.;1-9-7;Unknown;Picture;Goed;;;;
DDP-0122;Vacuum cleaner with instructions and hose;1;9;7;Miele;Deluxe S220;Yellow;Black;Unknown;1985;Late Modern;Germany;This vacuum cleaner in a striking yellow color is now considered a collector's item due to its unique retro design from the 70s/80s.The Deluxe S 220 is an iconic piece of industrial design that is representative of the reliability for which the brand is known.;1-9-7;Unknown;Picture;Redelijk;;;;
DDP-0123;Vacuum cleaner nozzle;1;9;8;Siemens;Polymatic;Red;White;Unknown;1975;Late Modern;Germany;The design of the Siemens Polymatic (as shown in the photo) is a classic example of functional industrial design from the 1970s and 1980s. During this period, the emphasis at Siemens (part of the BSH Group) was on sustainability, modularity, and ease of use.;1-9-8;Unknown;Picture;Redelijk;;;;
DDP-0124;Vacuum cleaner;1;10;1;Miele;Turbo Team;Crème;Black;Unknown;2015;Digital Era;Germany;The Miele Turbo Team is known for durability and strong suction power. It's equipped with a dust bag system, which is more hygienic when emptying than bagless models and typically features multiple suction settings and special attachments, such as a turbo brush for pet hair.;1-10-1;Unknown;Picture;Goed;;;;
DDP-0125;Vacuum cleaner;1;10;2;Holland Electro (HE);Sniffy;Green;Crème;Unknown;1950;Mid-Century Modern;Netherlands;"The Sniffy was a small ""stick vacuum"" that was very popular in the Netherlands in the 1950s and 1960s. It was a handy model, ideal for stairs, furniture, and small apartments.";1-10-2;Unknown;Picture;Redelijk;;;;
DDP-0126;Vacuum cleaner;1;10;3;Electrolux;Z245;Brown;Silver;Unknown;1979;Late Modern;Sweden;Unique to this model is that it can not only vacuum but also blow. This was often used for inflating air mattresses or quickly defrosting freezers. The vacuum cleaner has a power of approximately 750 Watts, which was considered very powerful at the time. Originally, this model came with a braided hose, an aluminum tube, and various brown nozzles, including an automatic combination nozzle for carpets and hard floors.;1-10-3;Unknown;Picture;Goed;;;;
DDP-0127;Handheld vacuum cleaner with holder;1;10;4;Electrolux;Cleany ZB 216;Crème;Grey;Unknown;1980;Late Modern;Sweden;"the Electrolux Cleany is a cordless, rechargeable handheld vacuum cleaner that came with a matching wall mount. In the Netherlands and Belgium, this type of compact, cordless vacuum cleaner is commonly known as a ""kruimeldief"" (""crumb catcher""). The concept was originally popularized by the Black & Decker ""Dustbuster,"" which came onto the market in 1979.";1-10-4;Unknown;Picture;Redelijk;;;;
DDP-0128;Handheld vacuum cleaner;1;10;4;AFK;AK-2.2;Crème;Green;Unknown;2000;Digital Era;Germany;The design of the AFK AK-2.2 is characteristic of the functional and affordable consumer electronics from the transitional period between the 1990s and 2000s. A key design featureis its streamlined, teardrop-shaped design. The wide suction nozzle flows smoothly into a narrow handle.;1-10-4;Unknown;Picture;Goed;;;;
DDP-0129;Iron;1;10;5;Philips ;HD 1124;Orange;Silver;Knut Yran;1973;Late Modern;Netherlands;This iconic Philips iron, the HD1124, is a prime example of Dutch industrial design from the post-war reconstruction period and the subsequent decades. The design originates from the Philips Corporate Industrial Design Centre (CIDC) in Eindhoven. During that period, this department was led by the renowned Norwegian designer Knut Yran.;1-10-5;Unknown;Picture;Redelijk;;;;
DDP-0130;Iron;1;10;6;Rowenta;E5762S;Brown;White;Unknown;1965;Mid-Century Modern;Germany;This specific model dates from the 1960s or early 1970s. The design with a Bakelite handle and chrome housing is typical of that period. Rowenta's design department at the time was influenced by streamline aesthetics and the functional German design school.;1-10-6;Unknown;Picture;Redelijk;;;;
DDP-0131;Iron;1;10;6;Philips ;HD 1115 Y;White;Silver;Knut Yran;1975;Late Modern;Netherlands;"This design reflects the transition from heavy, metal irons to lighter models with plastic (bakelite) handles and a focus on ergonomics and ease of use. The ""y"" in the model number often referred to a specific regional version or a minor revision in the production process (such as indicator light colour or the wiring), while the basic functionality remained the same as the standard HD 1115. ";1-10-6;Unknown;Picture;Slecht;;;;
DDP-0132;Iron;1;10;6;Philips ;HA 2752;Black;Silver;Unknown;1975;Late Modern;Netherlands;"The HD 2752 series was primarily in production during the late 1970s and the 1980s. It is a classic example of the ""heavy"" dry irons that were the standard in European households at the time. Philips household appliances from this era were often developed by the in-house design team in Eindhoven.";1-10-6;Unknown;Picture;Redelijk;;;;
DDP-0133;Iron;1;10;6;Philips ;HD 1206;Black;White;Unknown;1967;Mid-Century Modern;Netherlands;"The model is part of the ""Millionaire"" or ""Popular"" series, known for its heavy-duty build, featuring a polished chrome or stainless steel soleplate and a high-impact black plastic handle. During this era, Philips' domestic appliances were heavily influenced by their internal Corporate Industrial Design (CID) group, which prioritized Sense and Simplicity.";1-10-6;Unknown;Picture;Redelijk;;;;
DDP-0134;Vacuum cleaner;1;10;7;Excelsior;8170;Yellow;White;Unknown;1976;Late Modern;Netherlands;The Excelsior 8170 (also known as Signaal) is an iconic vintage vacuum cleaner that was produced around 1976. This specific model is known for its striking vertical design and the typical mustard yellow color that was very popular for household appliances at the time. The device was often supplied with various attachments, including a flexible hose that connects at the top.;1-10-7;Unknown;Picture;Redelijk;;;;
DDP-0135;Vacuum cleaner;1;10;8;Miele;Deluxe S200;Turqoise;Crème;Unknown;1974;Late Modern;Germany;" This an ""all-in-one"" device was a unique concept that could stand upright while the hose remained connected. For its time, the suction power (often around 700-1000 Watts) was very high. This blue and white color combination pictured is the most iconic version of the ""De Luxe"" model.";1-10-8;Unknown;Picture;Goed;;;;
DDP-0136;Various vacuum cleaner nozzles;1;10;8;Unknown;Various;Multi;;Unknown;;;;"These objects can serve as excellent subjects for practicing several foundational drawing skills, including: geometric shape analysis; perspective and ellipses;
material and texture rendering.";1-10-8;Unknown;Picture;Goed;;;;
DDP-0137;Cylinder vacuum cleaner;1;11;1;F.A.M. Skyline;AS5;Green;Crème;Unknown;1962;Mid-Century Modern;Netherlands;"This FAM canister vacuum cleaner is a rare and characteristic example of post-war European industrial design. The design is a direct result of ""Space Age"" influences, in which household appliances were designed to resemble products like rockets or jet engines.";1-11-1;Unknown;Picture;Redelijk;;;;
DDP-0138;Drain cleaning machine;1;11;2;Ruton;RO 3603;Red;Crème;Unknown;1965;Mid-Century Modern;Netherlands;Ruton products from the 'RO' line are known for their distinctive red and white color scheme. In the 1960s and 70s, Ruton was a market leader in the Netherlands for appliances such as vacuum cleaners and specialized cleaning machines before the brand name was fully absorbed by Philips.;1-11-2;Unknown;Picture;Slecht;;;;
DDP-0139;Cylinder vacuum cleaner with wand;1;11;3;Holland Electro (HE);A4;Green;Turqoise;Raymond Loewy;1953;Mid-Century Modern;Netherlands;"This specific model is known as the Holland Electro ""Colibri"". The design was revolutionary because the vacuum cleaner could stand upright, which saved a great deal of storage space at the time in the typically small post-war Dutch homes. Due to its color (hammered green) and design, it is now a highly sought-after collector's item that is even included in museum collections.";1-11-3;Unknown;Picture;Redelijk;;;;
DDP-0140;Steam iron;1;11;4;Tefal;Turbo Pro (serie 300);Green;White;Unknown;2004;Digital Era;France;The design of the Tefal Turbo Pro 300 is representative of the functional, ergonomic style of the French manufacturer from the early 2000s. It is a steam iron that was positioned at the time as a powerful and user-friendly model for domestic use.;1-11-4;Unknown;Picture;Goed;;;;
DDP-0141;Iron;1;11;5;General Electric;Classic Serie H3F76F;Turqoise;Black;Unknown;1965;Mid-Century Modern;U.S.A.;This model is a milestone in American industrial design. The design is closely linked to the influence of the famous industrial designer Brooks Stevens. Stevens designed similar groundbreaking irons for GE and other brands in the 1940s (such as the 'Steam-O-Matic'), which laid the foundation for the 'Classic' aesthetic.;1-11-5;Unknown;Picture;Goed;;;;
DDP-0142;Iron;1;11;5;General Electric;Perm Press H3F54F;Turqoise;Black;Unknown;1975;Late Modern;U.S.A.;"This model was designed as a ""Dry Iron,"" specifically optimized for Permanent Press fabrics that were new to the market at the time. The blue dial on the front has specific settings for synthetic fabrics such as acrylic and nylon. Characteristic is the braided fabric cord with the blue plug, which was typical of GE appliances from that period.";1-11-5;Unknown;Picture;Goed;;;;
DDP-0143;Steam iron;1;11;6;Philips ;Azure 60;White;Turqoise;Stefano Marzano;1994;Postmodern;Netherlands;The Azur line was groundbreaking at the time due to the introduction of the 'Drip Stop' system and the ergonomic handle with the characteristic ridges for extra grip. The series won multiple design awards during the 1990s, including the prestigious iF Design Award, for the combination of functional ease of use and a streamlined appearance.;1-11-6;Unknown;Picture;Goed;;;;
DDP-0144;Steam iron;1;11;6;Philips ;HD 1208;Brown;Crème;Unknown;1975;Late Modern;Netherlands;This model was one of the first steam irons to fully automate the process via the 'Steam Control System', reducing the need for manual adjustment by the user. It is now known as an icon of Dutch industrial heritage from that era.;1-11-6;Unknown;Picture;Redelijk;;;;
DDP-0145;Vacuum cleaner;1;11;7;Excelsior;Mignon Type 600;Orange;Crème;Unknown;1965;Mid-Century Modern;Netherlands;The Type 600z was praised for its handy size and was often sold as the 'ideal helper' for stairs, cars, or small apartments. Today, it is a beloved collector's item for lovers of retro interiors.;1-11-7;Unknown;Picture;Redelijk;;;;
DDP-0146;Vacuum cleaner;1;11;8;Electrolux;Model Z25;Red;Silver;Lurelle Guild;1937;Pre-1950;U.S.A.;"This was one of the first canister vacuum cleaners with the characteristic ""sled runners"" instead of wheels, allowing it to glide easily over carpets. The design is a prime example of the Streamline Moderne style (a later phase of Art Deco), characterized by aerodynamic forms that exuded speed and modernity.";1-11-8;Unknown;Picture;Redelijk;;;;
DDP-0147;Steam iron;1;12;1;Moulinex;Chrono JET;Blue;White;Unknown;1995;Postmodern;France;"A typical ""aerodynamic"" 90s design with flowing, organic lines that suggest speed and efficiency. The semi-open handle creates a visual lightness and provides space for thumb operation of the steam buttons. The back is designed to be wide and flat for a stable vertical resting position (heel rest).";1-12-1;Unknown;Picture;Goed;;;;
DDP-0148;Iron;1;12;1;Jura;JN1 (Type 340);Black;Silver;Unknown;1955;Mid-Century Modern;Switserland;The JN1 model was a luxury item at the time, partly due to the precise temperature control required for the then-new synthetic fabrics such as Perlon.;1-12-1;Unknown;Picture;Goed;;;;
DDP-0149;Steam iron with box;1;12;1;Philips ;Comfort 200;White;Grey;Unknown;1994;Postmodern;Netherlands;This appliance is a Philips Comfort 200 (model HD 1492), a classic dry iron with a spray function. The  series, including the 200, 300, and 400 models, was primarily on the market in the 1990s (circa 1992–1998).;1-12-1;Unknown;Picture;Slecht;;;;
DDP-0150;Vacuum cleaner;1;12;2;Siemens-Schuckert;Rapid VSt 93;Red;Silver;Unknown;1950;Mid-Century Modern;Germany;"This is an 'all-purpose' handheld vacuum cleaner. The unique feature of this model was its versatility; by connecting the hose at the top instead of the side, the device transformed from a vacuum into a powerful blower.";1-12-2;Unknown;Picture;Redelijk;;;;
DDP-0151;Iron;1;12;3;Calor;No. 15-03;Orange;Black;Unknown;1970;Late Modern;France;This iron was intended as a functional and affordable 'dry' iron (without steam) for domestic use. Today, it is considered a design classic and is popular in the vintage community, not only as decoration but also for specific uses such as waxing skis due to its constant temperature.;1-12-3;Unknown;Picture;Redelijk;;;;
DDP-0152;Iron;1;12;3;Philips ;HD 1146;Brown;Crème;Unknown;1975;Late Modern;Netherlands;The HD 1146 was one of the first models to focus on an ultra-light weight, which was a major selling point for ease of ironing at the time. The housing is made of heat-resistant plastic (often Bakelite or early thermoplastics) with a polished metal soleplate. The design falls under the Modernism of the 1970s, in which functionality and a sleek, geometric design were central.;1-12-3;Unknown;Picture;Goed;;;;
DDP-0153;Steam iron;1;12;3;Tefal;Pressing Plus 1;Orange;Crème;Unknown;1975;Late Modern;France;The Pressing Plus 1 model was sometimes also sold under the brand name Calor. It features a distinctive retro design with a bright orange casing and a chrome soleplate.;1-12-3;Unknown;Picture;Goed;;;;
DDP-0154;Steam iron;1;12;4;Philips ;GC 1705;Black;White;Unknown;2000;Digital Era;Netherlands;Under the leadership of then-chief designer Stefano Marzano, the focus during this period shifted towards 'High Design', where appliances not only had to be technically sound but also comfortable to hold and visually fit into a modern household. The GC1705 was the answer to the demand for a compact, lightweight, and affordable iron that was still powerful enough for daily use.;1-12-4;Unknown;Picture;Redelijk;;;;
DDP-0155;Steam iron;1;12;5;Tefal;Super Gliss 30S (Longlife Compact);White;Yellow;Unknown;1984;Late Modern;France;The design reflects the transition from the angular 70s to the more rounded, ergonomic shapes of the 80s. The iron is equipped with an early version of the Supergliss sole, which was revolutionary at the time due to its smooth gliding ability on various fabrics. It was designed for easy storage, with a notch at the back to neatly wrap the cord around.;1-12-5;Unknown;Picture;Goed;;;;
DDP-0156;Steam iron;1;12;6;Braun;PV-4;White;Crème;Peter Schneider;1988;Late Modern;Germany;This model was introduced in the late 80s when the Braun design team was led by the legendary Dieter Rams. The direct design of the irons is often attributed to his successor Peter Schneider and his team. It follows the philosophy of 'less, but better'. The appliance is a prime example of modernism. Characteristic features include the ergonomic handle, the subdued color scheme (off-white with subtle color accents for the knobs), and the iconic black and white checkered textile cord.;1-12-6;Unknown;Picture;Redelijk;;;;
DDP-0157;Steam iron;1;12;6;Rowenta;DA-49 Steam Spray Dry;Crème;Black;Hans-Erich Slany;1983;Late Modern;West Germany;"The iron in the image is a vintage steam iron from the brand Rowenta, specifically the model DA49. This specific model was produced in West Germany. It is known as a ""steam spray dry"" electric iron, which means that it can be used both with and without steam and has a spray function.";1-12-6;Unknown;Picture;Redelijk;;;;
DDP-0158;Steam iron;1;12;6;Rowenta;DA-23;White;Black;Unknown;1988;Late Modern;West Germany;This vintage steam iron is suitable for both dry ironing and steam ironing and features an adjustable thermostat and a spray function. It is recognizable by the white housing with a transparent grey/black water reservoir and the distinctive red indicator light on the side.;1-12-6;Unknown;Picture;Goed;;;;
DDP-0159;Iron;1;12;6;Black & Decker;F365S Light 'n Easy;Grey;Crème;Unknown;1984;Late Modern;U.S.A.;The design reflects the functional, angular aesthetic of the 1980s with a focus on lightweight use ('Light 'n Easy'). For its time, the SilverStone coating was innovative as an early form of non-stick coating that made ironing synthetic fabrics easier.;1-12-6;Unknown;Picture;Goed;;;;
DDP-0160;Vacuum cleaner;1;12;7;Volta;U203;Orange;Brown;Unknown;1974;Late Modern;Sweden;The Volta U203 (also sold under brand names such as Electrolux and Elektro Helios) was revolutionary because it was one of the first vacuum cleaners with a fully injection-molded plastic housing. The bright orange housing replaced traditional metal constructions, making the machine lighter and cheaper to produce. Despite its compact size, the unit features an internal cable reel and a mechanical dust indicator. Due to its bold use of color and sleek design, this model is now included in the collections of various design museums, including the Swedish Tekniska Museet.;1-12-7;Unknown;Picture;Redelijk;;;;
DDP-0161;Vacuum cleaner;1;12;8;Holland Electro (HE);4400;Grey;Crème;Unknown;1980;Late Modern;Netherlands;The 4400 distinguished itself by its vertical 'sleete' design with the characteristic perforated round holes in the housing for the air outlet. It was a powerful model for its time, often equipped with electronic suction power control and indicator lights for the dust bag and filters.;1-12-8;Unknown;Picture;Redelijk;;;;
DDP-0162;Cylinder vacuum cleaner;1;13;2;Ruton;R6;Blue;Silver;Unknown;1950;Mid-Century Modern;Netherlands;"This vacuum could both vacuum and blow, which was an advanced feature at the time for cleaning radiators, for example. The R6 is a classic example of a 'torpedo-model' canister vacuum cleaner, two metal 'sleds' (skis) to glide easily over the carpet. This type of design was very popular in the 1950s due to its futuristic, streamlined appearance.
";1-13-2;Unknown;Picture;Redelijk;;;;
DDP-0163;Iron packaging;1;13;1;Philips ;Azur Excel Plus;White;Blue;Unknown;2002;Digital Era;Netherlands;The packaging in the photo is a classic example of industrial graphic design from this period: The box employs a strict grid, with a mix of horizontal and vertical text placement, giving the packaging a dynamic appearance. Ample white space is combined with the accent color blue (matching the product) and a gold accent for the 'premium' features. The product is depicted in a three-quarter perspective with slight motion blur in the background to suggest action.;1-13-1;Unknown;Picture;Redelijk;;;;
DDP-0164;Dry iron;1;13;3;Moulinex;BX1;White;Silver;Unknown;1995;Postmodern;France;This specific model dates back to the 1990s (circa 1992-1998). It was the successor to the more angular models from the 1970s and 1980s.In the world of small household appliances, successful designs were often produced under license or purchased from the same manufacturer by various brands. That is why you still see the exact same design today from brands like Severin.;1-13-3;Unknown;Picture;Redelijk;;;;
DDP-0165;Cylinder vacuum cleaner;1;13;4;Erres;ZSZ 175;Blue;Black;Otto van Tussenbroek;1951;Mid-Century Modern;Netherlands;This model is known for its 'torpedo' design, which is characteristic of the optimism about progress of that era. It is a typical example of streamline design, a style that began in the 1930s and remained popular for household appliances after the war. Due to its unique design, this model is a beloved collector's item and has even been exhibited in museums such as the Kunsthal Rotterdam.;1-13-4;Unknown;Picture;Slecht;;;;
DDP-0166;Iron packaging;1;13;5;Moulinex;Chrono JET;White;Red;Unknown;1990;Postmodern;France;"The packaging features the brand name in both the Latin alphabet and Arabic script (""مولينكس""). The design with the pink/red color blocks and the prominent product photo is typical of Moulinex's retail style from that era, focused on ease of use and efficiency.";1-13-5;Unknown;Picture;Redelijk;;;;
DDP-0167;Steam iron;1;13;5;Rowenta;Vapopress DA-12;White;Black;Unknown;1976;Late Modern;West Germany;The appliance offers options for both dry ironing and steam ironing, including a spray function and a second steam program. It features a prominent rotary knob for the thermostat and a visible water reservoir. The colored buttons on the front are for the steam and spray functions.;1-13-5;Unknown;Picture;Goed;;;;
DDP-0168;Steam iron;1;13;5;Tefal;Ultragliss Profil 80 Automatic;White;Blue;Unknown;1998;Postmodern;France;The Tefal Ultragliss Profil 80 Automatic is a classic steam iron known for its smooth glide and convenient vertical steam function. This function allows you to remove wrinkles fro hanging clothes or curtains by holding the iron vertically and pressing the steam button at intervals.;1-13-5;Unknown;Picture;Goed;;;;
DDP-0169;XPS foam form study;1;13;6;Unknown;Strijkijzer;Crème;Blue;Unknown;;;Netherlands;Tangible model of an iron, for testing the ergonomics (grip) and the visual balance of the housing.;1-13-6;Unknown;Picture;Goed;;;;
DDP-0170;Vacuum cleaner;1;13;7;Miele;Electronic S224;Orange;Black;Unknown;1980;Late Modern;West Germany;The Miele Electronic S224 features electronic suction power control, a foot pedal for automatic cord rewind, and an indicator that shows when the dust bag is full. This model is beloved by collectors for its distinctive retro orange color and the motor that was very powerful for its time. It was the successor to the S 204 and marked a transition to a more compact and colorful design, with the orange color being typical of the design trends of the late 1970s and early 1980s.;1-13-7;Unknown;Picture;Goed;;;;
DDP-0171;Handheld vacuum cleaner with holder;1;13;8;AEG;Rapido AG5106S;Crème;Orange;Unknown;2014;Digital Era;Germany;The AEG Rapido AG5106S is a cordless handheld vacuum from the Rapido series, known for its cyclonic airflow and distinctive wheels. This model features the Easy Reach™ nozzle: an integrated, extendable crevice tool so you can easily reach tricky corners without separate attachments.;1-13-8;Unknown;Picture;Goed;;;;
DDP-0172;Floor polisher;1;;;Fakir;Type 2;Turqoise;Blue;Wilhelm Kicherer;1956;Mid-Century Modern;Germany;The Fakir Type 2 was praised for its robustness. At the time, these machines were built to last a lifetime, which explains why many of these examples can still be found in working condition at vintage markets today. The device was part of a broader line of floor maintenance machines that made Fakir (later Nilco) a market leader in Europe.;1--;Unknown;Picture;Redelijk;;;;
DDP-0173;Floor polishing machine;1;;;Visnovalux;De Luxe;Silver;Grey;Unknown;1955;Mid-Century Modern;Belgium;This specific model, with its cast-aluminum 'shark-nose' triangular base and the illuminated translucent nameplate, was the flagship model of the mid-to-late 1950s. The goal was functional elegance: the heavy aluminum provided the weight needed for polishing, while the triangular shape allowed it to reach into the 90° corners. The translucent blue/purple plate on the front isn't just for branding. In many of these units, there is a small bulb behind it. This was marketed as a luxury feature to help users spot dust and uneven wax patches in dimly lit corners or under furniture.;1--;Unknown;Picture;Redelijk;;;;
DDP-0174;Upright vacuum cleaner;1;;;Hoover;Model 700;Black;Silver;Unknown;1926;Pre-1950;U.S.A.;The Model 700 was a technological milestone and is known for its Art Deco-style industrial aesthetic, featuring a polished aluminum base station, a wooden or steel handle, a woven fabric dust bag and the distinctive triangular logo on the front. This was the first model to utilize the patented 'Positive Agitation' technology, which helped Hoover become the market leader.;1--;Unknown;Picture;Redelijk;;;;
DDP-0175;Floor polisher;1;;;Hoover;Model 0212;Red;Crème;Henry Dreyfuss;1951;Mid-Century Modern;England;"This Hoover electric floor polisher is designed for polishing and scrubbing hard floors. The device features a distinctive deep red (crimson) housing made of Bakelite or metal, with two rotating brushes on the underside. This model was very popular in the 1950s and was advertised worldwide. It bears a royal seal (""By appointment to H.M. King George VI""), confirming its British origin and the time period (before 1952). Today, these machines are often considered collector's items or museum pieces due to their mid-century modern aesthetic. ";1--;Unknown;Picture;Redelijk;;;;
DDP-0176;Upright vacuum cleaner;1;;;Miele;De Luxe S125;Crème;Black;Unknown;1980;Late Modern;Germany;"This vacuum has a typical 1980s look with the characteristic beige/off-white color and a focus on ergonomics due to the placement of the controls directly on the housing. The design is modular, making parts such as the cord reel and the motor relatively easy to repair. For its time, the S 125 was innovative because of the steplessly adjustable suction power via the central rotary knob and the ability to use the device as both an upright vacuum and a handheld vacuum (without a stick).

";1--;Unknown;Picture;Slecht;;;;
DDP-0177;Upright vacuum cleaner;1;;;Holland Electro (HE);Sniffy;Green;Grey;Unknown;1955;Mid-Century Modern;Netherlands;The Sniffy vacuum was revolutionary at the time because it was much lighter and more manageable than the heavy canister vacuums people were accustomed to until then. It was produced at the Holland Electro factory in Rotterdam and came onto the market in the 1950s (approx. 1955), remaining a popular model into the 1960s. ;1--;Unknown;Picture;Slecht;;;;
DDP-0178;Upright vacuum cleaner;1;;;Hoover;Model 262 ;Brown;Crème;Unknown;!939;Digital Era;England;"This Hoover Model 262 (also known as the ""Hoover Junior"" in certain regions) is made of Bakelite and aluminum, which was typical for that time. It features the famous 'Hoover agitator (a beating brush) to vibrate dust out of carpets.";1--;Unknown;Picture;Redelijk;;;;
DDP-0179;Upright vacuum cleaner;1;;;Hoover;Model 105;Brown;Wood;James Murray Spangler;1920;Pre-1950;U.S.A.;"This early Hoover Electric Suction Sweeper is an icon of household history, with a housing made of cast aluminum, which was a modern and luxurious material at the time. The base was designed by James Murray Spangler, a janitor who suffered from asthma and therefore invented an 'electric broom. This model was famous for the slogan ""It Beats – as it Sweeps – as it Cleans,"" thanks to the rotating brush roller that beat the dirt out of the carpet.";1--;Unknown;Picture;Redelijk;;;;
DDP-0180;Upright vacuum cleaner;1;;;Kirby;Legend II;Red;Silver;James Blaine Kirby;1989;Late Modern;U.S.A.;"The Legend II introduced a new burgundy color scheme and a redesigned 'Mini Emtor' (the plastic part to which the bag is attached) made of durable polycarbonate. The body is largely made of cast aluminum (duraluminium), which contributes to the reputation that these devices last a lifetime. The design focuses on powerful airflow and versatility; the unit can be converted from an upright vacuum to a portable model or even a carpet cleaner.";1--;Unknown;Picture;Goed;;;;
DDP-0181;Screw-cap cup (2x);2;1;1;Mepal;7305;Green;Yellow;Erik Lehman;1975;Late Modern;Netherlands;This is a medium-sized screw-top cup that was originally sold as part of camping or picnic sets, but was also popular as a kitchen storage container. These cups are made of polypropylene, an unbreakable and, at the time, revolutionary type of plastic that was ideal for outdoor use. This type of cup is still a beloved collector's item for lovers of vintage Dutch Design due to its indestructibility and timeless, practical shape.;2-1-1;Unknown;Picture;Goed;;;;
DDP-0182;Dishwashing detergent bottle;2;1;2;Sun;Machine Afwas Poeder;Blue;White;Unknown;2006;Digital Era;France;The bottle is an excellent object for drawing lessons due to its specific geometric and visual properties: it's constructed from a combination of a cube (the bottom part) and a cylinder (the neck/cap), showing how complex objects can be reduced to simple geometric shapes. The handle on the right creates a distinct 'hole' in the shape. In art education, this is a classic exercise to look at the negative space (the shape of the void) rather than the object itself.;2-1-2;Unknown;Picture;Goed;;;;
DDP-0183;Motor oil bottle;2;1;2;Shell;Helix Plus SAE 10W-40;Turqoise;White;Unknown;2008;Digital Era;Netherlands;"The bottle is a classic example of industrial design where form follows function. It's an interesting study object due to the ergonomics (recess functions as an integrated handle);  assymmetrical composition (slanted top helps guide the liquid to the spout); texture and surface (diagonal ridges to increase rigidity to the plastic wall and improve grip); and material description (HDPE with a specific metallic blue sheen). ";2-1-2;Unknown;Picture;Goed;;;;
DDP-0184;Hot water bottle;2;1;3;Unknown;Unknown;Red;White;Unknown;1930;Pre-1950;Netherlands;This is an enameled metal hot water bottle. The rust-brown color with white speckles is also known as 'graniteware' or 'speckled enamel'. This type of finish was popular because it looked less fragile than solid colors and fit well in the kitchens and bedrooms of the time.;2-1-3;Unknown;Picture;Redelijk;;;;
DDP-0185;Drinking bottle;2;1;3;Royal VKB;RVS Drinkfles 500 ML ;Silver;Blue;Unknown;2018;Digital Era;Netherlands;"The design focuses on sustainability and ease of use. The bottle features a double cap; the small top cap is for drinking, while the larger opening underneath is intended for easy filling and cleaning. The striking silicone band serves as a carrying loop and holds the cap in place so you don't lose it.";2-1-3;Unknown;Picture;Goed;;;;
DDP-0186;Pump bottle;2;1;4;Garnier;Fructis Force Anti-Dry;Green;White;Unknown;2007;Digital Era;France;Leave-in nourishing hair milk, designed to intensively nourish and repair very dry hair without rinsing. The ball-shaped bottles are part of the repositioning of Fructis in the 2000s. This specific packaging and product line was prominent around 2004-2009. ;2-1-4;Unknown;Picture;Goed;;"Cylindrical Shapes; Glossy Surfaces";;
DDP-0187;Squeeze bottle;2;1;4;Unknown;LDPE 'gooseneck';Green;Yellow;Unknown;1955;Mid-Century Modern;U.S.A.;The major breakthrough for polyethylene bottles was around 1941–1946, when pioneers such as James Wright and Earl Tupper popularized plastic alternatives to glass. It consists of a flexible, semi-transparent reservoir with vertical grooves for extra grip and structural integrity during squeezing.The curved, stainless steel or aluminum tube allows the user to direct a targeted stream without having to tilt the bottle completely.;2-1-4;Unknown;Picture;Redelijk;;"Cylindrical Shapes; Multiple Rounding; Matt Surfaces";;
DDP-0188;Spray bottle;2;1;4;Jif;Multi-Uso ;Blue;White;Unknown;2006;Digital Era;France;Cif/Jif bottles underwent a significant redesign in 1990, introducing a slimline bottle with a raised spout to allow for easier liquid direction. The blue translucent bottle typically signifies 'freshness' and is often associated with glass or multi-surface variants in the cleaning industry to distinguish them from the heavy-duty 'cream' (yellow/white) or bathroom-specific (green) versions.;2-1-4;Unknown;Picture;Slecht;;"Cylindrical Shapes; Multiple Rounding; Transparent Materials";;
DDP-0189;Spray bottle refill;2;1;4;Plus;Keuken Reiniger;White;Red;Unknown;2004;Digital Era;Netherlands;This bottle with a refill/storage cap is used for transport or before the spray nozzle is attached. It has an asymmetrical design with integrated finger-grip indentations on the neck for ergonomic handling during spraying.;2-1-4;Unknown;Picture;Goed;;"Cylindrical Shapes; Multiple Rounding; Glossy Surfaces";;
DDP-0190;Spray bottle;2;1;4;Glassex;Anti-Vet;Red;Yellow;Unknown;2007;Digital Era;Netherlands;This is an ergonomic red plastic spray bottle with molded finger grips for improved handling. It has a dual-tone trigger spray head designed for high-volume dispensing. It is made to contain degreaser/Multi-surface cleaner by Glassex - a prominent brand in the Dutch and European cleaning markets. ;2-1-4;Unknown;Picture;Goed;;"Cylindrical Shapes; Multiple Rounding; Glossy Surfaces";;
DDP-0191;Cosmetics jars;2;1;5;Clinique;Moisture Surge;Multi;Silver;Unknown;2010;Digital Era;U.S.A.;Low-profile, wide-mouth cylindrical jars, in glossy, transparent and matte finished (left to right) with a chrome finish screw-on lid. They contained various moisturising cremes to be used on the face. The Celadon Green is the brand’s signature colour.;2-1-5;Unknown;Picture;Goed;;"Cylindrical Shapes; Matt Surfaces; Glossy Surfaces; Chrome; Transparent Materials";;
DDP-0192;Perfume bottle;2;1;5;Estee Lauder;Pleasures (EdP);Silver;;Unknown;1995;Postmodern;U.S.A.;"The bottle design is a classic ""flacon"" style, known for its soft, organic curves and weighted glass base, meant to evoke the feel of a smooth river stone. It features a signature silver-tone pebble-shaped cap.";2-1-5;Unknown;Picture;Goed;;"Cylindrical Shapes; Multiple Rounding; Matt Surfaces; Transparent Materials";;
DDP-0193;Perfume bottle;2;1;5;Christian Dior;Diorissimo (EdT);White;Gold;Unknown;1990;Postmodern;France;The bottle is known for its vertical ridged (fluted) glass texture and a white plastic lid with the 'CD' monogram.;2-1-5;Unknown;Picture;Goed;;"Multiple Rounding; Glossy Surfaces; Transparent Materials";;
DDP-0194;Perfume bottle;2;1;5;Issey Miyake;L'Eau d'Issey (EdT);Silver;White;Issey Miyake;1992;Postmodern;Japan;The bottle's slender, conical shape was inspired by the sight of the full moon shimmering above the Eiffel Tower in Paris. It features a frosted 'givré' glass body and a brushed metal cap topped with a clear glass sphere meant to resemble a drop of water.;2-1-5;Unknown;Picture;Goed;;"Cylindrical Shapes; Matt Surfaces; Chrome; Transparent Materials";;
DDP-0195;Perfume bottle;2;1;5;Estee Lauder;White Linen (EdP);Gold;;Unknown;1978;Late Modern;U.S.A.;This classic bottle features a transparent glass base and a striated (ribbed) gold-tone cap. It is a floral-aldehydic scent intended to evoke the crispness of clean linen and fresh spring air.;2-1-5;Unknown;Picture;Goed;;"Cylindrical Shapes; Multiple Rounding; Transparent Materials";;
DDP-0196;Perfume bottle;2;1;6;Van Gils;Strictly for Men;Black;Gold;Unknown;2012;Digital Era;Netherlands;The original scent was first launched in the 1980s, created by perfumer Pierre Wargnye. The bottle is an elegant flacon designed to represent the charismatic and masculine nature of the scent. The modern version shown in the image features a dark, ridged cylindrical body with a matte finish and a central metallic band.;2-1-6;Unknown;Picture;Goed;;"Cylindrical Shapes; Matt Surfaces; Glossy Surfaces; Chrome";;
DDP-0197;Aftershave bottle;2;1;6;Guy Laroche;Fidji Pour Homme;Black;Grey;Unknown;2003;Digital Era;France;"The fragrance was created by perfumer Josephine Catapano. The bottle design is notable for its architectural, minimalist aesthetic, featuring a rectangular clear glass body with a prominent, oversized black block cap. The label uses a distinct grid pattern with ""Guy"" in a red script";2-1-6;Unknown;Picture;Goed;;"Block Shapes; Singular Rounding; Transparent Materials; Glossy Surfaces";;
DDP-0198;Shower gel bottle;2;1;6;Jil Sander;Feeling Man;Red;Black;Unknown;1989;Late Modern;Germany;The fragrance was composed by perfumer Alain Astori and the minimalist packaging design is consistent with the brand's creative direction under Jil Sander herself. This specific red bottle design was used for ancillary products (shower gel, lotion) to differentiate them from the translucent glass bottle used for the Eau de Toilette. It follows the brand's 'pure' design philosophy, focusing on bold colours and geometric forms.;2-1-6;Unknown;Picture;Goed;;"Block Shapes; Cylindrical Shapes; Matt Surfaces; Glossy Surfaces";;
DDP-0199;Ink bottle;2;1;6;Edding;T25 30ml Refill Ink;Red;Blue;Unknown;2007;Digital Era;Germany;The bottle features a patented drop dispensing system for mess-free refilling and is made from high-quality plastic with a lightfast and waterproof ink formulation.;2-1-6;Unknown;Picture;Redelijk;;"Cylindrical Shapes; Glossy Surfaces; Transparent Materials";;
DDP-0200;Tea tin;2;1;6;Whittard of Chelsea;Mango Indica 125g;Black;Gold;Unknown;1990;Postmodern;England;Square-sided tea caddy with a round, friction-fit gold lid. The tin is made of printed metal (tinplate) and features a minimalist black-and-gold aesthetic. The 'W' logo and serif typeface are central to the brand's heritage identity.;2-1-6;Unknown;Picture;Goed;;"Block Shapes; Cylindrical Shapes; Singular Rounding; Glossy Surfaces";;
DDP-0201;Square storage jar;2;1;6;Unknown;Apothecary Bud Vase;Green;;Unknown;1970;Late Modern;Unknown;These jars are characteristically made from 100% recycled glass, resulting in a distinctive pale green or aqua tint and internal 'seed bubbles'. They often originally featured a large cork stopper or a wire-bale closure.;2-1-6;Unknown;Picture;Goed;;"Block Shapes; Multiple Rounding; Transparent Materials; Glossy Surfaces";;
DDP-0202;Toy tricycle;2;1;7;Rolly Toys;Ride-On Tractor;Blue;Orange;Unknown;1970;Late Modern;Germany;This toy features a robust, hollow blow-moulded plastic body built directly over solid metal drive axles. It utilizes a three-wheel tricycle footprint rather than a standard four-wheel tractor layout, combining direct front-wheel pedal propulsion with an integrated faux engine block assembly molded directly into the front frame.;2-1-7;Unknown;Picture;Redelijk;;"Cylindrical Shapes; Multiple Rounding; Matt Surfaces";;
DDP-0203;Water pistol with extra tanks;2;1;8;Larami;Super Soaker 50;Green;Yellow;Lonnie Johnson;1991;Postmodern;U.S.A.;This  design was revolutionary for its utilisation of a manually operated slide pump to compress air into the green plastic water reservoir tank. When the trigger is pulled, the pressurized air forces a continuous, high-velocity stream of water through the nozzle, performing significantly better than traditional, trigger-pumped squirt guns.;2-1-8;Unknown;Picture;Redelijk;;"Cylindrical Shapes; Glossy Surfaces";;
DDP-0204;Storage jar;2;2;2;Rosti Mepal;Modul 150ml;Brown;White;Carl Sundberg;1967;Mid-Century Modern;Netherlands;The Modul collection revolutionized mid-century European kitchens by utilizing a system where height variations stacked uniformly. The specific base profile was dimensioned specifically to maximize standard cupboard shelving efficiency.;2-2-2;Unknown;Picture;Redelijk;;"Block Shapes; Multiple Rounding; Transparent Materials; Glossy Surfaces";;
DDP-0205;Toilet cleaner bottle;2;2;1;Glorix;WC-Fris Citroen;Green;Yellow;Unknown;1989;Late Modern;Netherlands;"This historical pack features an iconic ergonomically bent neck (""schuinspuitende flessen"") engineered specifically to dispense formula effortlessly underneath the hidden rim of toilet bowls. [1, 2, 3, 4]";2-2-1;Unknown;Picture;Slecht;;"Cylindrical Shapes; Multiple Rounding";;
DDP-0206;Frying fat bottle;2;2;1;Diamant;Vloeibaar Frituurvet Plantaardig;Yellow;Blue;Unknown;1994;Postmodern;Netherlands;Engineered with an ergonomic off-centre handle for balanced pouring. Features an integrated anti-glug neck profile and a wide base stability ring to minimize kitchen spills.;2-2-1;Unknown;Picture;Redelijk;;"Cylindrical Shapes; Multiple Rounding";;
DDP-0207;Dishwashing detergent bottle;2;2;1;Calgonil;Ultra ;Yellow;Green;Unknown;1990;Postmodern;Netherlands;A blow-moulded High-Density Polyethylene (HDPE) utility bottle. It features an integrated hollow handle to facilitate a balanced, controlled pour of heavy liquid, alongside a dual-purpose threaded green plastic cap that doubles as a volumetric dosing cup.;2-2-1;Unknown;Picture;Goed;;"Cylindrical Shapes; Multiple Rounding";;
DDP-0208;Motor oil bottle;2;2;1;Shell;Helix ;Yellow;;Unknown;1992;Postmodern;Netherlands;The structural design features a translucent vertical strip on the side to monitor the fluid level (0.5L and 1.0L indicators) alongside molded horizontal grip ridges on the side.;2-2-1;Unknown;Picture;Redelijk;;"Cylindrical Shapes; Multiple Rounding; Matt Surfaces";;
DDP-0209;Peppermint tins;2;2;3;Smint;Sugargfree;Blue;White;Unknown;2021;Digital Era;Spain;The packaging consists of a compact, pocket-sized metal tin featuring an integrated click-to-open, flip-top lid system. The graphic artwork uses high-contrast blue, silver, and red colour gradients with crisp, bold branding to communicate instant functional freshness.;2-2-3;Unknown;Picture;Goed;;"Block Shapes; Singular Rounding; Glossy Surfaces";;
DDP-0210;Coffee storage jar;2;2;3;Illy;Espresso Café Macinato 250g;Silver;Red;Unknown;2013;Digital Era;Italy;The industrial design focuses on premium preservation. It uses a 100% recyclable aluminum structure that withstands high internal pressure. It uses nitrogen injection to push out oxygen, keeping the coffee fresh for up to two years.;2-2-3;Unknown;Picture;Goed;;"Cylindrical Shapes; Chrome";;
DDP-0211;Tin of peeled tomatoes;2;2;3;Mutti;Pomodori a Filetti 400g;Red;Yellow;Unknown;2021;Digital Era;Italy;The design features a premium vintage-inspired typographic layout topped by the signature twin golden lions heraldry. The lower body showcases a hyper-realistic illustration of two peeled tomato wedges resting in dynamic opposition.;2-2-3;Unknown;Picture;Redelijk;;"Cylindrical Shapes; Chrome";;
DDP-0212;Universal glasses holder;2;2;5;Unknown;Unknown;Crème;Black;Unknown;2010;Digital Era;China;"This glasses container is meant to be mounted in the car using heavy-duty adhesive tape strips on its flat base. The design prioritises safe, one-handed operation while driving. The kidney-shaped front cutout allows the driver to instinctively grab the sunglasses by the bridge without looking. The black plastic components on the back house a mechanical spring-loaded hinge, enabling a quick tactile ""push-to-open"" mechanism.";2-2-5;Unknown;Picture;Goed;;"Cylindrical Shapes; Glossy Surfaces; Matt Surfaces";;
DDP-0213;Soft drink bottle;2;2;3;Hata Kosen;Peach 200ml;Pink;Blue;Unknown;2010;Digital Era;Japan;It features a traditional Codd-neck bottle architecture. The gas pressure from the carbonated beverage forces an internal glass marble against a rubber washer at the top to seal the drink. To open it, a plastic plunger pushes the marble down into a pinched neck chamber where it stays trapped without blocking the flow while drinking.;2-2-3;Unknown;Picture;Goed;;"Cylindrical Shapes; Multiple Rounding; Transparent Materials";;
DDP-0214;Cola bottle with packaging;2;2;4;Coca Cola;Straight Wall Bottle 1900;Blue;Red;Unknown;2011;Digital Era;Germany;"This product is a faithful replica of the early un-contoured glass vessels used before the iconic contour ""hobbleskirt"" bottle was patented in 1915. It features a simple vertical profile with a distinct amber-tinted or dark glass color and an authentic early-era diamond-shaped script label.";2-2-4;Unknown;Picture;Goed;;"Block Shapes; Cylindrical Shapes; Matt Surfaces; Glossy Surfaces";;
DDP-0215;Various cola bottles;2;2;4;Coca Cola;Contour Bottle;Red;White;Alexander Samuelson;2012;Digital Era;U.S.A.;The design brief required a bottle recognizable by touch in the dark, or even when broken on the ground. The team used an image of a cocoa bean pod (with its distinct vertical grooves and bulging middle) as visual inspiration for the silhouette.;2-2-4;Unknown;Picture;Goed;;"Cylindrical Shapes; Glossy Surfaces; Transparent Materials";;
DDP-0216;Cola bottle;2;2;4;Coca Cola;Karl lagerfeld Limited Edition 2/3;Pink;White;Karl Lagerfeld;2011;Digital Era;Netherlands;"This bottle represents the character ""Eleanor"" (one of three fashion heroines from the 2011 campaign). It features clean graphic lines, a swirling fuchsia pink and white contrast stripe pattern, a matching hot pink bottle cap, and Karl Lagerfeld's iconic pony-tailed silhouette logo.";2-2-4;Unknown;Picture;Goed;;"Cylindrical Shapes; Glossy Surfaces";;
DDP-0217;Cola bottle;2;2;4;Coca Cola;London Olympic Games Limited Edition;Red;Multi;Turner Duckworth;2012;Digital Era;Netherlands;Features the iconic Coca-Cola contour shape reimagined in sleek, impact-extruded recyclable aluminium. The graphic wrapper blends the brand's classic identity with active, bold silhouettes representing different sport movements alongside official Olympic branding.;2-2-4;Unknown;Picture;Goed;;"Cylindrical Shapes; Glossy Surfaces";;
DDP-0218;Nail polish bottle;2;2;6;Estee Lauder;Pure Colour - Frozen Plum;Gold;Purple;Tom Pecheux;2012;Digital Era;France;"This signature heavy glass bottle redesign was launched in 2012 under the creative direction of Tom Pecheux. It features a custom ""sphere within a cube"" concept, anchoring a rounded glass inner chamber inside a thick, heavy clear glass cube, topped with a metallic gold cylindrical cap.";2-2-6;Unknown;Picture;Goed;;"Block Shapes; Cylindrical Shapes; Glossy Surfaces; Transparent Materials";;
DDP-0219;Cream jar;2;2;6;Plante System;Urgence Crème Très Nourrissante;White;Purple;Unknown;2010;Digital Era;France;The container utilizes a distinct, architectural structural strategy featuring a wide-rimmed conical plastic outer pot base. This design flares outward to cradle a smaller, recessed inner cylindrical core and lid, minimizing material weight while giving the product a premium, floating vanity shelf presence.;2-2-6;Unknown;Picture;Goed;;"Cylindrical Shapes; Multiple Rounding; Glossy Surfaces; Transparent Materials";;
DDP-0220;Perfume bottle;2;2;6;Hugo Boss;Baldessarini EdC;Silver;;Werner Baldessarini;2002;Digital Era;Germany;A heavy, refillable geometric glass bottle with clean vertical lines and a metallic closure;2-2-6;Unknown;Picture;Goed;;"Cylindrical Shapes; Transparent Materials; Chrome";;
DDP-0221;Perfume bottle;2;2;6;Krizia;Teatro alla Scala;Brown;;Pierre Dinand;1985;Late Modern;Italy;The silhouette mirrors the layout of a grand theatre stage, featuring a deep tortoiseshell/amber base frame that cradles a semi-circular clear glass vessel. It is topped with a matching fan-shaped cap. Renowned bottle designer Pierre Dinand crafted the iconic shape based on the architecture of Milan's famous Teatro alla Scala opera house.;2-2-6;Unknown;Picture;Redelijk;;"Block Shapes; Cylindrical Shapes; Glossy Surfaces; Transparent Materials";;
DDP-0222;Perfume bottle;2;2;6;Kiton;Men EdT;Silver;Orange;Unknown;1996;Postmodern;Italy;An ergonomic, clear glass bottle featuring flat front and back faces, soft bowed vertical sides, a debossed oval central grip zone, and a polished metallic atomiser cap.;2-2-6;Unknown;Picture;Redelijk;;"Cylindrical Shapes; Chrome; Transparent Materials";;
DDP-0223;Perfume bottle;2;2;6;Chanel;Antaeus pour Homme EdT;Black;White;Unknown;1981;Late Modern;France;An opaque, black bottle. It features minimalist white typography in the classic Chanel brand style. The design conveys mythical strength and sophisticated luxury.;2-2-6;Unknown;Picture;Goed;;"Block Shapes; Cylindrical Shapes; Glossy Surfaces";;
DDP-0224;Perfume bottle;2;2;6;Mexx;Mexx Men ;Blue;Silver;Unknown;2000;Digital Era;Netherlands;"The structural design focuses on youth-focused metropolitan aesthetics. It features a frosted texture, debossed interlocking ""XX"" typography (the brand's signature ""kiss kiss"" logo abbreviation), a blue spray nozzle head, and an attached protective industrial metal locking clip.";2-2-6;Unknown;Picture;Goed;;"Cylindrical Shapes; Matt Surfaces; Chrome; Transparent Materials";;
DDP-0225;Aftershave bottle;2;2;6;Nivea;Sensitive Aftershave Balm;White;Blue;Unknown;2010;Digital Era;Germany;Heavy white glass bottle, ergonomic grip, and a wide-mouthed screw cap.;2-2-6;Unknown;Picture;Goed;;"Block Shapes; Cylindrical Shapes; Matt Surfaces; Glossy Surfaces";;
DDP-0226;Jerry can;2;2;7;Unknown;Standard UN Approved Stackable Jerrycan;Crème;Black;Unknown;1980;Late Modern;Belgium;This canister is a masterclass in form-follows-function industrial design, engineered entirely for volumetric efficiency and safety. Its boxy bounding frame maximizes pallet space, while the recessed top profile creates a lock-and-key nesting system for stable, vertical stacking. The off-centre spout creates an internal air pocket to prevent liquid glugging during pouring, and the smooth, compound corner radii distribute internal fluid pressure evenly to prevent the plastic from splitting under impact.;2-2-7;Unknown;Picture;Redelijk;;"Block Shapes; Cylindrical Shapes; Multiple Rounding; Matt Surfaces";;
DDP-0227;Watering can;2;2;8;Underwood;Traditional galvanized steel (zinc) Watering Can;Silver;Grey;Unknown;2000;Digital Era;Netherlands;Features a hot-dip galvanized coating over sheet metal for rust prevention. It utilizes a dual-handle configuration where the single large arched tubular overhead handle bridges down to the rear, allowing the user's hand to slide smoothly along the grip to shift the center of gravity while tilting and pouring.;2-2-8;Unknown;Picture;Goed;;"Cylindrical Shapes; Matt Surfaces";;
DDP-0228;Watering can;2;2;8;Curver;Measurement Watering Can;Green;;Unknown;1980;Late Modern;Netherlands;This classic utilitarian design breaks away from the traditionally rounded cylindrical body of standard watering cans. It introduces a block-like, space-saving format with molded measuring indicators built directly into the flat plastic face.;2-2-8;Unknown;Picture;Goed;;"Cylindrical Shapes; Matt Surfaces";;
DDP-0229;Shower gel bottle;2;3;1;Marbert;Bath & Shower Gel;Purple;White;Unknown;1985;Late Modern;Germany;This bottle features an octagonal, geometric plastic silhouette with flat panels, sharp angles, and a distinct white flip-top cap, using the brand's iconic retro neon turquoise and magenta diagonal stripes.;2-3-1;Unknown;Picture;Goed;;"Block Shapes; Cylindrical Shapes; Matt Surfaces; Glossy Surfaces";;
DDP-0230;Floor wax bottle;2;3;1;Bruynzeel;Zelfglanswas;Beige;Red;Unknown;1970;Late Modern;Netherlands;This distinctive, asymmetric blow-moulded plastic bottle features a prominent off-centre pink cap which doubles as a measuring cup. This clever ergonomic design allows for cleaner pouring and a unique shelf presence compared to standard symmetrical bottles.;2-3-1;Unknown;Picture;Goed;;"Block Shapes; Cylindrical Shapes; Multiple Rounding; Glossy Surfaces";;
DDP-0231;Water bottle;2;3;1;Ty Nant;Natuurlijk Mineraalwater;Grey;Purple;Ross Lovegrove;2002;Digital Era;England;This famous design mimics the organic fluidity of running water or a block of ice melting away. Lovegrove utilized state-of-the-art digital technology to evoke a deep, tactile sensation that feels natural in the human hand while providing necessary structural integrity to the thin, lightweight plastic.;2-3-1;Unknown;Picture;Goed;;"Cylindrical Shapes; Transparent Materials";;
DDP-0232;Detergent bottle;2;3;1;Unknown;Manufacturer prototype;Pink;;Unknown;2010;Digital Era;Unknown;Molded from transparent Polyethylene Terephthalate (PET) plastic using injection stretch blow molding. It features an asymmetric, tapered body contour for secure one-handed handling, paired with an integrated pink screw-on inner cap and a clear external volumetric measuring cup.;2-3-1;Unknown;Picture;Goed;;"Cylindrical Shapes; Multiple Rounding; Transparent Materials";;
DDP-0233;Soft drink bottle;2;3;1;Unknown;Standard 1,5L Contour PET Bottle;Red;;Unknown;2003;Digital Era;Unknown;This is an empty, transparent Polyethylene Terephthalate (PET)  bottle produced via stretch blow moulding. It features a standardized 28mm PCO thread finish for a tamper-evident screw cap, a tapered waist grip, structural reinforcement ribs around the midsection to prevent deformation from carbonation pressure, and a pressure-resistant base.;2-3-1;Unknown;Picture;Redelijk;;"Cylindrical Shapes; Transparent Materials";;
DDP-0234;Spray bottle refill;2;3;1;Unknown;Unknown;White;;Unknown;2005;Digital Era;Unknown;Molded from PET plastic, this container features an asymmetrical, ergonomic neck indentation designed to offer secure finger support. It is outfitted with a standard 28mm threaded neck finish to accommodate either a standard closure cap or a mechanical window-cleaner trigger spray mechanism.;2-3-1;Unknown;Picture;Redelijk;;"Cylindrical Shapes; Multiple Rounding; Transparent Materials";;
DDP-0235;Squeeze bottle;2;3;1;Unknown;Unknown;Yellow;White;Unknown;2000;Digital Era;Unknown;This bottle features an asymmetric silhouette with one side sharply slanted towards the neck to aid ergonomic pouring. It utilizes a flat, narrow profile for efficient shipping, shelf-space optimization, and ease of squeezing.;2-3-1;Unknown;Picture;Goed;;"Block Shapes; Cylindrical Shapes; Multiple Rounding; Transparent Materials";;
DDP-0236;Shampoo bottle;2;3;1;KMS;Hairplay Texture Shampoo;Orange;;Unknown;2007;Digital Era;Germany;This packaging features an avant-garde, architectural, and structural multi-faceted bottle. It combines sharp geometric body lines with a distinctive asymmetrical, angular flip-top cap, breaking away from traditional cylindrical shampoo and hair-styling bottles.;2-3-1;Unknown;Picture;Goed;;"Block Shapes; Singular Rounding; Glossy Surfaces";;
DDP-0237;Skincare bottle;2;3;1;Sebamed;Huidverzorgingsolie Baby;White;Pink;Unknown;1990;Postmodern;Germany;A ergonomic triangular, white plastic squeeze bottle with a pink screw cap. The unique flat, wide-bottomed shape ensures stability on changing tables to prevent accidental spills.;2-3-1;Unknown;Picture;Goed;;"Cylindrical Shapes; Matt Surfaces";;
DDP-0238;Spray bottle;2;3;2;Febreze ;Textielverfrisser voor lichte stoffen;White;Blue;Ziba Design;1998;Postmodern;Netherlands;This asymmetrical bottle was engineered to lookmore playful to distinguish from harsh household chemical cleaners. The ergonomic neck features distinct ridges for finger placement, communicating a gentle, user-friendly household product.;2-3-2;Unknown;Picture;Goed;;"Cylindrical Shapes; Multiple Rounding; Glossy Surfaces; Matt Surfaces";;
DDP-0239;Detergent bottle;2;3;3;Albert Heijn;Wit Vloeibaar Wasmiddel;White;Green;Unknown;2018;Digital Era;Netherlands;An ergonomic, blow-moulded HDPE (High-Density Polyethylene) bottle featuring an integrated open handle for balanced pouring, a dual-purpose threaded neck acting as a drainage spout, and a measuring cap that prevents mess by draining excess detergent back into the bottle.;2-3-3;Unknown;Picture;Goed;;"Cylindrical Shapes; Multiple Rounding; Glossy Surfaces; Matt Surfaces";;
DDP-0240;Washing powder bottle;2;3;3;Persil ;Megaperls 1kg;White;Green;Unknown;1990;Postmodern;Netherlands;"This specialized plastic container was designed specifically for ""Megaperls""—highly concentrated, heavy spherical washing granules. The ergonomic side indent allows a firm grip, while the functional green lid incorporates an integrated dosing and pouring mechanism.";2-3-3;Unknown;Picture;Redelijk;;"Block Shapes; Multiple Rounding; Matt Surfaces";;
DDP-0241;Detergent bottle;2;3;3;Bon;Wasverzachter 2L;White;Blue;Unknown;1990;Postmodern;Netherlands;Blow-moulded High-Density Polyethylene (HDPE) container featuring an integrated ergonomic handle, an offset neck to assist controlled pouring, and a ribbed measuring cap that doubles as a bottle seal.;2-3-3;Unknown;Picture;Redelijk;;"Cylindrical Shapes; Multiple Rounding; Matt Surfaces; Transparent Materials";;
DDP-0242;Floor sealer tin;2;3;4;Alf Bjercke;Oxan Olie;Yellow;Red;Unknown;1960;Mid-Century Modern;Norway;This rectangular 5-litre tin features a soldered top handle, an offset screw-cap spout, and distinctive mid-century lithographed branding]. It showcases the company's mascot—a stylized gentleman with a goatee and bowtie, alongside striking red and yellow color-blocking.;2-3-4;Unknown;Picture;Redelijk;;"Block Shapes; Cylindrical Shapes; Singular Rounding; Glossy Surfaces";;
DDP-0243;Soap pump bottle;2;3;5;Unknown;Unknown;Green;Grey;Unknown;2010;Digital Era;Unknown;"A 500 ml vegan liquid soap bottle styled as a rigid, textured cube. It features a prominent ""dimple/noppen"" grid pattern across the surfaces with a debossed central oval plaque enclosing the text ""Handsoap"". The design aims to blend a rustic, tactile traditional aesthetic with modern minimalist block geometry.";2-3-5;Unknown;Picture;Redelijk;;"Block Shapes; Cylindrical Shapes; Multiple Rounding; Matt Surfaces";;
DDP-0244;Sweetener dispenser;2;3;5;Albert Heijn;Tafelzoetjesdispenser;Blue;White;Unknown;2000;Digital Era;Netherlands;This household object was styled to sit permanently on a dining or coffee table. The hourglass (or wasp-waist) profile offers a very natural, ergonomic grip when picked up. Pressing the large blue button at the front triggers an internal spring-loaded slider that drops one tablet at a time from the base. The speckled white texture was a major trend in 1990s housewares, designed to give everyday plastic a premium, stone-like appearance while effectively hiding scratches and stains.;2-3-5;Unknown;Picture;Goed;;"Cylindrical Shapes; Multiple Rounding; Glossy Surfaces";;
DDP-0245;Pair of skates;2;3;6;Kovopol;502 Special 'Tornado';Red;Black;Unknown;1970;Late Modern;Czechoslovakia;This iconic Eastern Bloc design features a distinctive paneled aesthetic with contrasting black and red heavy-duty leather upholstery. Kovopol integrated the traditional craftsmanship of pre-nationalised Czech skate workshops with mass production techniques. The steel blade features integrated tubular supports that distribute the skater's weight directly to the riveted sole.;2-3-6;Unknown;Picture;Redelijk;;"Cylindrical Shapes; Multiple Rounding; Glossy Surfaces; Chrome";;
DDP-0246;Pair of skates;2;3;6;Unknown;Friese doorlopers;Brown;Wood;Unknown;1920;Pre-1950;Netherlands;These skates feature a naturally carved wooden foot platform (footstock) shaped to mirror the human foot, long binding slits for leather straps, a metal heel pin to dig into the shoe for traction, and a distinct hand-forged steel runner that sweeps up into a high protective curl at the toe to glide over cracks in canal ice. The form evolved over centuries from local blacksmithing and utilitarian design rather than a single modern commercial designer.;2-3-6;Unknown;Picture;Redelijk;;"Singular Rounding; Multiple Rounding; Matt Surfaces";;
DDP-0247;Pair of skates;2;3;6;Unknown;Primitieve baanschaats;Wood;;Unknown;1920;Pre-1950;Netherlands;The platform is crafted from a single piece of beechwood to resist splitting from moisture.It features integrated slots for leather binding straps and an adjustable metal heel-screw to anchor the skate firmly into the heel of a regular leather winter boot.The runner consists of a thin carbon steel blade wedged securely into the wooden stock ;2-3-6;Unknown;Picture;Redelijk;;"Singular Rounding; Multiple Rounding; Matt Surfaces";;
DDP-0248;Pair of skates;2;3;6;Unknown;Friese doorlopers;Wood;Orange;Unknown;1920;Pre-1950;Netherlands;The design features a low wooden platform (footstapel) tailored to follow the natural shape of a shoe. It is fitted with a hand-forged steel blade that terminates in an elegant, functional curl at the front to prevent the skater from tripping over cracks in natural ice. It relies on leather straps and cotton laces for fastening;2-3-6;Unknown;Picture;Redelijk;;"Singular Rounding; Multiple Rounding; Matt Surfaces";;
DDP-0249;Oil can;2;3;7;Unknown;Unbranded Industrial Container;Silver;;Unknown;1950;Mid-Century Modern;Unknown;Engineered strictly for volumetric space efficiency, stackability, and safe transport of hazardous fluids.;2-3-7;Unknown;Picture;Slecht;;"Block Shapes; Cylindrical Shapes; Singular Rounding";;
DDP-0250;Oil can;2;3;7;Shell;Domestic Fuel Oil Dispenser;Yellow;Red;Unknown;1950;Mid-Century Modern;Netherlands;A utilitarian piece designed for home use to easily transfer oil into domestic kachels (stoves) without spilling. It features a fixed, curved pour spout with a threaded brass cap, a central top handle, and a large fill opening with a secondary lever cap mechanism.;2-3-7;Unknown;Picture;Slecht;;"Cylindrical Shapes; Multiple Rounding";;
DDP-0251;Roller skates;2;3;8;Impag;Disco Roller Skates;Yellow;Blue;Unknown;1978;Late Modern;West Germany;Features a high-top canvas and faux-suede upper boot with contrasting yellow faux-leather stripes and details. The boot is mounted onto a composite plastic chassis fitted with polyurethane wheels and a large front toe-stop brake.;2-3-8;Unknown;Picture;Redelijk;;"Cylindrical Shapes; Multiple Rounding; Matt Surfaces";;
DDP-0252;Roller skates;2;3;8;Mezo;Junior Adjustable Metal Skates;Silver;Red;Unknown;1970;Late Modern;Germany;This functional, mid-century design features an expandable, telescoping steel sheet metal chassis adjusted via an under-carriage screw or lever mechanism. It is engineered to clamp directly over a child's standard street shoes, secured tightly with heavy-duty leather heel/toe straps and metal roller wheels.;2-3-8;Unknown;Picture;Goed;;"Cylindrical Shapes; Multiple Rounding";;
DDP-0253;Roller skate;2;3;8;Unknown;Clamp-on Metal Skate;Silver;Green;Unknown;1940;Pre-1950;Unknown;The design features a sliding, two-piece pressed steel footplate that expands longitudinally to adjust to the wearer's shoe size. It utilizes vertical perimeter toe-clamps tightened via a specialized skate key. The back heel plate features dual vertical loops meant to hold a leather ankle strap, which is missing from this unit.;2-3-8;Unknown;Picture;Redelijk;;"Cylindrical Shapes; Multiple Rounding";;
DDP-0254;Toy car;2;4;1;Unknown;Wooden Tipper Truck;Blue;Red;Unknown;1960;Mid-Century Modern;Unknown;Constructed primarily from solid beechwood. It features finger/dovetail joints on the natural-finish tipping flatbed, a solid lacquered block cab with a bored hole for a window, and red-painted wooden wheels on wooden dowel pins.;2-4-1;Unknown;Picture;Goed;;"Block Shapes; Singular Rounding; Cylindrical Shapes; Glossy Surfaces";;
DDP-0255;Toy car;2;4;2;Jukka;Wooden Fire Truck;Wood;;Juho Jussila Oy;1960;Mid-Century Modern;Finland;This minimalistic toy is crafted from solid Finnish birch wood. True to the Jukka brand's signature philosophy, it relies on unpainted, finely sanded timber rather than synthetic finishes. The open-ended design intentionally features reduced shapes to leave space for a child's own imagination and development. It includes a pivoting ladder mechanism and four removable peg-style firefighters.;2-4-2;Unknown;Picture;Redelijk;;"Block Shapes; Singular Rounding; Cylindrical Shapes; Matt Surfaces";;
DDP-0256;Toy car;2;4;2;Jukka;Wooden Locomotive;Wood;;Juho Jussila Oy;1970;Late Modern;Finland;This signature design focuses on minimalism, functionality, and safety. It features unvarnished, raw solid pine/birch components, using press-fitted wooden pegs and metallic pins for the wheel axles instead of screws or plastic parts.;2-4-2;Unknown;Picture;Redelijk;;"Block Shapes; Singular Rounding; Cylindrical Shapes; Matt Surfaces";;
DDP-0257;Toy car;2;4;1;Unknown;Wooden Cement Mixer Truck;Wood;Red;Unknown;1970;Late Modern;Unknown;This toy is a classic example of traditional European wooden toy manufacturing, prioritising robust geometric shapes, minimalist aesthetics, and natural materials to foster open-ended imaginative play.;2-4-1;Unknown;Picture;Goed;;"Block Shapes; Singular Rounding; Multiple Rounding; Cylindrical Shapes; Glossy Surfaces";;
DDP-0258;Toy car;2;4;2;Jukka;Wooden Ford Model T;Wood;;Juho Jussila Oy;1970;Late Modern;Finland;This toy embodies classic Scandinavian mid-century minimalist design principles. It features functional simplicity, solid construction, and unpainted birch wood to emphasise natural textures.;2-4-2;Unknown;Picture;Redelijk;;"Block Shapes; Singular Rounding; Cylindrical Shapes; Matt Surfaces";;
DDP-0259;Toy rifle;2;4;3;Estrela;Super Jato;Brown;Blue;Unknown;1983;Late Modern;Brazil;The design is a heavily stylised, non-scale hybrid loosely inspired by military firearms like the Colt M16 (indicated by the distinct carry handle and front sight post) mixed with an AK-47 style handguard and a generic box magazine. It was molded entirely from high-impact polystyrene plastic, featuring an internal friction mechanical sound box and a flint wheel mechanism to produce safe, internal sparks visible through targeted translucent red plastic slots near the barrel.;2-4-3;Unknown;Picture;Goed;;"Cylindrical Shapes; Multiple Rounding; Glossy Surfaces";;
DDP-0260;Toy rifle;2;4;3;Superior;Three-shot Rocket Gun;Red;;Unknown;1955;Mid-Century Modern;U.S.A.;"This toy was styled during the height of the post-WWII ""Space Age"" design movement. It features aerodynamic, futuristic jet-plane wings combined with sci-fi spaceship aesthetics. It was originally sold alongside a cardboard target set and fired three rubber suction-cup darts.";2-4-3;Unknown;Picture;Goed;;"Cylindrical Shapes; Multiple Rounding; Glossy Surfaces";;
DDP-0261;Toy aeroplane;2;4;4;Koyo Kinzoku;Cessna Patrol N453C;Blue;White;Unknown;1965;Mid-Century Modern;Japan;This toy is a stylized, miniature interpretation of a light aircraft (resembling the Cessna 172 or 182). It features a lithographed tin-plate body joined by tabs, combined with a molded plastic propeller and rubber/plastic wheels. It utilizes an internal friction motor that spins the propeller automatically when the toy is pushed forward across a surface.;2-4-4;Unknown;Picture;Slecht;;"Cylindrical Shapes; Singular Rounding; Multiple Rounding; Glossy Surfaces";;
DDP-0262;Toy aeroplane;2;4;4;Koyo Kinzoku;Cessna Patrol Light Style ;Orange;White;Unknown;1965;Mid-Century Modern;Japan;Features a mixed-media construction utilizing a printed tin-plate body with a friction motor mechanism, accented by moulded plastic wings, wheels, tailfin, and propeller.;2-4-4;Unknown;Picture;Redelijk;;"Cylindrical Shapes; Singular Rounding; Multiple Rounding; Glossy Surfaces";;
DDP-0263;Toy aeroplane;2;4;4;Koyo Kinzoku;Cessna Patrol N453C;Green;Yellow;Unknown;1965;Mid-Century Modern;Japan;A hybrid toy featuring a lithograph-printed tinplate upper body mated to a injection-moulded plastic yellow chassis and white propellor.;2-4-4;Unknown;Picture;Slecht;;"Cylindrical Shapes; Singular Rounding; Multiple Rounding; Glossy Surfaces";;
DDP-0264;Toy aeroplane;2;4;4;MSB;Orient Airlines A-DZP / 624-6;Blue;White;Unknown;1960;Mid-Century Modern;East Germany;Originally designed by the toy development teams at the state-owned VEB enterprises in East Germany (the real aircraft was designed by Brunolf Baade). It features a pressed, stamped metal fuselage and wings with lithographed colour detailing. It operates using a built-in internal friction-drive motor connected to its wheels.;2-4-4;Unknown;Picture;Redelijk;;"Cylindrical Shapes; Singular Rounding; Multiple Rounding; Glossy Surfaces";;
DDP-0265;Toy aeroplane;2;4;4;MSB;Orient Airlines A-DZP / 624-6;Blue;White;Unknown;1960;Mid-Century Modern;East Germany;Originally designed by the toy development teams at the state-owned VEB enterprises in East Germany (the real aircraft was designed by Brunolf Baade). It features a pressed, stamped metal fuselage and wings with lithographed colour detailing. It operates using a built-in internal friction-drive motor connected to its wheels.;2-4-4;Unknown;Picture;Redelijk;;"Cylindrical Shapes; Singular Rounding; Multiple Rounding; Glossy Surfaces";;
DDP-0266;Toy aeroplane;2;4;4;A.M.B.;U.S. Air Force F-104 Starfighter;Green;Red;Unknown;1965;Mid-Century Modern;Italy;This model represents AMB’s transition era where lithographed tin sheets were shaped around imported internal clockwork systems. The toy cleverly isolates the fuselage graphics into a distinct two-tone US Air Force paint scheme, using a prominent side-mounted metal lever to wind up the internal spring motor.;2-4-4;Unknown;Picture;Redelijk;;"Cylindrical Shapes; Singular Rounding; Multiple Rounding; Glossy Surfaces";;
DDP-0267;Toy aeroplane;2;4;4;Red China;MF-107 Passenger Airliner ;Silver;Blue;Unknown;1965;Mid-Century Modern;China;A classic tinplate friction toy featuring bright lithographic graphics, foldable wings, and two plastic propellers that rotate when the internal flywheel friction motor is engaged.;2-4-4;Unknown;Picture;Slecht;;"Cylindrical Shapes; Singular Rounding; Multiple Rounding; Glossy Surfaces";;
DDP-0268;Toy gun;2;4;6;Unknown;Tele-Giant;Blue;Gold;Unknown;1975;Late Modern;China;This is a simple, lightweight toy gun featuring an integrated mock telescopic sight on top of the barrel. It is constructed from two halves of injection-moulded blue plastic, joined together along a central seam line. The design mimics a stylized, compact semi-automatic handgun with cross-hatched textured grip panels for tactile friction.;2-4-6;Unknown;Picture;Redelijk;;"Cylindrical Shapes; Multiple Rounding; Glossy Surfaces";;
DDP-0269;Toy gun;2;4;6;Unknown;Unknown;Red;;Unknown;1975;Late Modern;China;Unlike cheaper, modern toys that use permanent ultrasonic plastic welding, this model uses a two-piece injection-moulded shell held together by small metal screws. This multi-screw fastening method was very common in mid-to-late 20th-century toy manufacturing. It allowed factories to easily assemble the internal metal spring mechanism by hand before sealing the two halves of the casing.;2-4-6;Unknown;Picture;Slecht;;"Cylindrical Shapes; Multiple Rounding; Glossy Surfaces";;
DDP-0270;Toy gun;2;4;6;Heep Tung Manufactory Limited;Stealth Swivel-Nozzle Water Pistol;Green;Turqoise;Chiu H. Luk;1983;Late Modern;China;The defining innovative feature of this model is the turquoise cylindrical knob positioned above the barrel. While the gun appears to point forward, the true water nozzle is hidden on the side of this cylinder. It can rotate 360 degrees. This allowed the user to point the water gun in one direction while shooting a target standing completely to their side or rear, catching them by surprise.;2-4-6;Unknown;Picture;Redelijk;;"Cylindrical Shapes; Multiple Rounding";;
DDP-0271;Scoop ball set;2;4;8;Raxx;Play Fit Scoop Set;Yellow;Black;Unknown;2010;Digital Era;China;This specific variation features a high-visibility yellow-orange basket shell seamlessly sonic-welded to a contrasting textured black cylindrical handle grip. The curved aerodynamic slot layout is optimized for high-velocity underhand throwing.;2-4-8;Unknown;Picture;Redelijk;;"Cylindrical Shapes; Multiple Rounding; Matt Surfaces";;
DDP-0272;Toy set;2;4;7;Simex;Mini Boys Fire Engine Set;Red;Multi;Unknown;1965;Mid-Century Modern;West Germany;The hallmark of this injection-moulded polyethylene plastic toy is its focus on fine motor-skill coordination and spatial logic. The specific geometry of the slotting peg people allows them to hook onto each other seamlessly, letting children build acrobat towers or chains outside of the vehicle bed.;2-4-7;Unknown;Picture;Goed;;"Block Shapes; Cylindrical Shapes; Multiple Rounding; Glossy Surfaces";;
DDP-0273;Toy set;2;4;7;Simex;Mini Boys ;Multi;;Unknown;1965;Mid-Century Modern;West Germany;These are minimalist, modular stacking and connecting dolls made from rigid injection-moulded plastic. The geometric figures feature distinctive round ball heads, open block-like torsos, and flat clip-on limbs designed to interlock with each other, vehicles, or playsets like swings and see-saws.;2-4-7;Unknown;Picture;Goed;;"Block Shapes; Cylindrical Shapes; Multiple Rounding; Glossy Surfaces";;
DDP-0274;Toy set;2;4;7;Simex;Mini Boys Horse Set;Multi;;Unknown;1965;Mid-Century Modern;West Germany;This modular toy consists of stylized, minimal human figures (11 cm tall) and wheeled horses (13 cm tall). The figures feature interlocking hands and slotted legs, allowing them to hook together, stack into structures, climb toy ladders, or ride securely on the wheeled animals.;2-4-7;Unknown;Picture;Goed;;"Cylindrical Shapes; Multiple Rounding; Glossy Surfaces";;
DDP-0275;Toy gun;2;4;5;Unknown;Razer Ray Gun;Gold;Red;Unknown;1975;Late Modern;China;This is a classic retro-futuristic space toy blaster. It relies on a fully mechanical friction-powered internal flywheel. Pulling the trigger rotates a flint against a wheel to create an audible clicking noise and internal sparks. The sparks are safely contained but highly visible through the front casing.;2-4-5;Unknown;Picture;Redelijk;;"Cylindrical Shapes; Singular Rounding; Glossy Surfaces";;
DDP-0276;Toy gun;2;4;5;Gonher;GS-8 Model No. 80;Silver;Brown;Unknown;1980;Late Modern;Spain;A realistic, weighty 1:1 scale model styled after historic Wild West single-action revolvers (such as the Colt Single Action Army). It features intricate, pre-cast scroll engravings directly on the frame and barrel, a flip-out cylinder chamber mechanism to house plastic 8-shot ring caps, and an imitation-wood plastic grip.;2-4-5;Unknown;Picture;Redelijk;;"Cylindrical Shapes; Multiple Rounding; Chrome";;
DDP-0277;Toy gun;2;4;5;Shudo;Friction & Spark Action Space Gun;Blue;Red;Unknown;1960;Mid-Century Modern;Japan;A retro-futuristic ray gun made of lithographed tin plate featuring vibrant graphics, a mechanical trigger, and a translucent red window.;2-4-5;Unknown;Picture;Redelijk;;"Multiple Rounding; Glossy Surfaces; Transparent Materials";;
DDP-0278;Toy gun;2;4;5;Ranger Steel Products Corp.;Cosmic Ray Gun;Multi;;Unknown;1955;Mid-Century Modern;U.S.A.;"It is a retro-futuristic ""Atomic Age"" toy pistol featuring vibrant, multi-coloured lithographed tin printing with futuristic lightning and rocket motifs, coupled with an integrated friction spark mechanism.";2-4-5;Unknown;Picture;Redelijk;;"Cylindrical Shapes; Multiple Rounding; Glossy Surfaces";;
DDP-0279;Toy gun;2;4;5;Yonezawa Toys;Atomic Gun;Silver;Red;Unknown;1960;Mid-Century Modern;Japan;A mid-century, sci-fi-inspired toy weapon featuring retro-futuristic lithographed graphics, a built-in spark-producing flint mechanism, and an integrated gear-driven friction motor.;2-4-5;Unknown;Picture;Redelijk;;"Multiple Rounding; Glossy Surfaces";;
DDP-0280;Toy car;2;5;1;Jukka;Wooden Ford Model T;Wood;;Juho Jussila Oy;1970;Late Modern;Finland;This toy is an abstraction of the historic Ford Model T. It is crafted entirely from solid, sustainably sourced Finnish birch wood. The design features zero plastic parts, utilising wooden pins for the axles. It is known for its sturdy, minimalist, and functional Nordic design approach, typical of mid-century Scandinavian educational toys.;2-5-1;Unknown;Picture;Redelijk;;"Block Shapes; Singular Rounding; Cylindrical Shapes; Matt Surfaces";;
DDP-0281;Toy car;2;5;2;Jukka;Wooden Bus;Wood;;Juho Jussila Oy;1970;Late Modern;Finland;Features a functional, highly reduced geometric form intended to spur a child's imagination. It uses local Finnish blonde birchwood left completely unpainted or finished with a clear, non-toxic oil.;2-5-2;Unknown;Picture;Redelijk;;"Block Shapes; Singular Rounding; Cylindrical Shapes; Matt Surfaces";;
DDP-0282;Toy car;2;5;2;Jukka;Wooden Delivery Truck ;Wood;;Juho Jussila Oy;1970;Late Modern;Finland;"This toy embodies the mid-century Nordic ""open-ended play"" philosophy. It features an entirely unvarnished, solid birch wood construction held together by metal rivets on the wheel axels. The structural layout uses minimalist geometric components, including a separate brick cabin block and an interchangeable peg doll slot designed to foster early spatial intelligence and fine motor coordination.";2-5-2;Unknown;Picture;Redelijk;;"Block Shapes; Singular Rounding; Cylindrical Shapes; Matt Surfaces";;
DDP-0283;Toy car;2;5;2;Jukka;Wooden Locomotive;Wood;;Juho Jussila Oy;1970;Late Modern;Finland;This toy embodies Finnish minimalist design principles. Following mid-century psychological design movements, it intentionally uses reduced geometric forms. This durable, non-toxic item leaves room for a child's imagination and creativity rather than overstimulating them with intricate, realistic details.;2-5-2;Unknown;Picture;Redelijk;;"Block Shapes; Singular Rounding; Cylindrical Shapes; Matt Surfaces";;
DDP-0284;Toy car;2;5;3;Jukka;Wooden Passenger Bus;Wood;;Juho Jussila Oy;1970;Late Modern;Finland;Classic Nordic design crafted from robust solid wood, featuring removable wooden peg people, rolling wheels fixed with metal pins, and a pull-along hitch mechanism at the front.;2-5-3;Unknown;Picture;Redelijk;;"Block Shapes; Singular Rounding; Cylindrical Shapes; Matt Surfaces";;
DDP-0286;Toy car;2;5;3;Jukka; ;Wood;;Juho Jussila Oy;1970;Late Modern;Finland;Built using solid wood pieces assembled with dowels, wood glue, and simple metal pins for the axles. Features functional sliding wooden doors on the sides and small cylindrical pegs on top.;2-5-3;Unknown;Picture;Redelijk;;"Block Shapes; Singular Rounding; Cylindrical Shapes; Matt Surfaces";;
DDP-0287;Toy aeroplane;2;5;4;Playsam;Black Jetliner SAS/Air de Cologne Special Edition;Black;;Ulf Hanses;1990;Postmodern;Sweden;This iconic executive wooden toy features a minimalist aerodynamic silhouette and a high-gloss lacquer finish. It is part of the Swedish design archive and represents the brand's philosophy of creating sleek, timeless Scandinavian design classics.;2-5-4;Unknown;Picture;Goed;;"Cylindrical Shapes; Multiple Rounding; Glossy Surfaces";;
DDP-0288;Toy car;2;5;4;Unknown;Homemade Wooden Train Carriage;Wood;;Unknown;;;;This home-crafted vintage toy carriage is a hand-built piece constructed from soft pinewood. Its has a geometric, blocky timber frame, and uses simple off-the-shelf dowels and button-axle wheels built for functional play.;2-5-4;Unknown;Picture;Redelijk;;"Block Shapes; Singular Rounding; Cylindrical Shapes; Matt Surfaces";;
DDP-0289;Toy car;2;5;5;Jukka;Wooden Tipper Truck;Wood;;Juho Jussila Oy;1970;Late Modern;Finland;"This iconic Scandinavian toy is crafted entirely from premium, sustainably sourced unpainted Finnish birch wood. It features a functional tipping cargo bed, metal pins for the wheel axles, and a characteristically minimalist open cab designed to house simple turned wood peg dolls. Authentic vintage pieces feature a distinct hot-stamped maker's mark on the bottom showing a smiling Finnish boy next to the ""Made in Finland"" text.";2-5-5;Unknown;Picture;Redelijk;;"Block Shapes; Singular Rounding; Cylindrical Shapes; Matt Surfaces";;
DDP-0290;Toy cart (2x);2;5;6;Jukka;Steamroller;Wood;;Juho Jussila Oy;1970;Late Modern;Finland;Handcrafted from solid, untreated birch wood with iconic front metal rivets and clean geometric construction.;2-5-6;Unknown;Picture;Redelijk;;"Block Shapes; Singular Rounding; Cylindrical Shapes; Matt Surfaces";;
DDP-0291;Toy car;2;5;7;Jukka;Wooden Tipper Truck;Wood;;Juho Jussila Oy;1970;Late Modern;Finland;Crafted from premium solid Nordic birch wood, this truck exemplifies classic mid-century Waldorf/Montessori aesthetic principles. It intentionally avoids bright paint or complicated details to encourage imaginative open-ended play, letting children focus purely on raw shapes, weight, and textures.;2-5-7;Unknown;Picture;Redelijk;;"Block Shapes; Singular Rounding; Cylindrical Shapes; Matt Surfaces";;
DDP-0292;Toy car (2x);2;5;8;Jukka;Wooden Train Carriage;Wood;;Juho Jussila Oy;1970;Late Modern;Finland;These wagons exemplify minimalist Nordic toy design, emphasising durability and tactile learning. They are constructed using untreated, premium solid birch wood and feature a signature side-sliding door panel, a single-pin peg coupling assembly, and modular cylindrical details on the roofs.;2-5-8;Unknown;Picture;Redelijk;;"Block Shapes; Singular Rounding; Cylindrical Shapes; Matt Surfaces";;
DDP-0293;Toy car;2;5;4;Jukka;Wooden Tipper Truck;Wood;;Juho Jussila Oy;1970;Late Modern;Finland;"This iconic Scandinavian toy is crafted entirely from premium, sustainably sourced unpainted Finnish birch wood. It features a functional tipping cargo bed, metal pins for the wheel axles, and a characteristically minimalist open cab designed to house simple turned wood peg dolls. Authentic vintage pieces feature a distinct hot-stamped maker's mark on the bottom showing a smiling Finnish boy next to the ""Made in Finland"" text.";2-5-4;Unknown;Picture;Redelijk;;"Block Shapes; Singular Rounding; Cylindrical Shapes; Matt Surfaces";;
DDP-0294;Clock radio;2;6;1;Audio Sonic;Dual Alarm Space Saving Clock Radion (CL-435);Purple;Silver;Unknown;2005;Digital Era;Japan;The CL-435 configuration utilizes a block-oriented, low-profile landscape arrangement meant for bedside or office tables. It is notable for its textured fabric speaker wings framing a metallic plastic faceplate, a spherical central analog-style tuning dial, and secondary circular push-buttons.;2-6-1;Unknown;Picture;Goed;;"Block Shapes; Singular Rounding; Cylindrical Shapes; Matt Surfaces; Chrome";;
DDP-0295;Portable radio;2;6;1;Philips ;Portable 4 Band. Radio 680;Black;Silver;Unknown;1980;Late Modern;Austria;This portable radio represents typical late 1970s and early 1980s European consumer electronics design. It features a functional, structured layout with a high-contrast division between the speaker grille and the dial interface. The aesthetics lean heavily into utilitarian minimalism, moving away from the wood-grain finishes of the 1970s towards a technical, modern look dominated by dark plastics and chrome trim.;2-6-1;Unknown;Picture;Goed;;"Block Shapes; Cylindrical Shapes; Matt Surfaces";;
DDP-0296;Portable radio;2;6;1;Telefunken;4 Band. Radio PR 11E;White;Yellow;Unknown;1985;Late Modern;Germany;It features a 'Memphis-style' aesthetic, popularised in the mid-1980s. It uses a stark white body contrasted with primary-coloured functional accents (yellow and blue knobs) and bold graphic typography.;2-6-1;Unknown;Picture;Goed;;"Block Shapes; Cylindrical Shapes; Matt Surfaces; Glossy Surfaces";;
DDP-0297;Clock radio;2;6;2;Cosmel;Electronic Digital Alarm Clock C366;Black;Blue;Unknown;1980;Late Modern;Taiwan;The design is characterized by an ultra-low profile profile typical of early-1980s bedside tech. It breaks away from the faux-wood finishes of the 1970s by embracing a matte charcoal-black polymer aesthetic. The front panel features a continuous glass-emulating dark acrylic display segment split cleanly between active and static information readout zones.;2-6-2;Unknown;Picture;Goed;;"Block Shapes; Cylindrical Shapes; Matt Surfaces; Glossy Surfaces";;
DDP-0298;Clock radio;2;6;2;Aristona;Electronic Clock Radio SX7180/13;Brown;Black;Unknown;1975;Late Modern;Netherlands;This model features a distinct horizontal format, specific to the SX7180 series shared across sister brands like Hornyphon and Phonola. It integrates a bright red LED display alongside a flat-scrolling linear radio dial. ;2-6-2;Unknown;Picture;Goed;;"Block Shapes; Singular Rounding; Cylindrical Shapes; Matt Surfaces; Chrome";;
DDP-0299;Headphones;2;6;3;Frontech;Wireless Infrared Stereo Headphones IR300;Black;Yellow;Unknown;1985;Late Modern;West Germany;Features a high-contrast dark plastic structural housing countered with bright yellow open-cell foam earpads, an adjustable stainless-steel wire band, a prominent integrated red infrared receiver dome, a volume scroll wheel, and a sliding function selector toggle (MONO / SSA). ;2-6-3;Unknown;Picture;Goed;;"Block Shapes; Singular Rounding; Cylindrical Shapes; Matt Surfaces; Chrome";;
DDP-0300;Headphones;2;6;3;Alpha Electronics;Stereo Wires Headphones SDH-7;Grey;Black;Unknown;1975;Late Modern;Japan;This model features an open-girder dual metal headband, adjustable black plastic anchor blocks, and injection-moulded plastic earcups housing internal dynamic drivers.;2-6-3;Unknown;Picture;Slecht;;"Block Shapes; Cylindrical Shapes; Multiple Rounding; Glossy Surfaces";;
DDP-0301;Headphones;2;6;4;Harvard (solid state);AM Radio Headphones HDR-111;Red;Black;Unknown;1980;Late Modern;China;This is a vintage, self-contained solid-state AM radio headset. It functions as personal entertainment headphones rather than industrial hearing protection, mimicking the bulky form factor of contemporary aviation or industrial ear defenders.;2-6-4;Unknown;Picture;Goed;;"Cylindrical Shapes; Multiple Rounding; Glossy Surfaces";;
DDP-0302;Headphones;2;6;4;Swiss Peak;V2 Wireless Headphones;Silver;Black;Unknown;2018;Digital Era;Netherlands;This product is a minimalist, wireless on-ear headset featuring an adjustable headband, padded faux-leather ear cushions, and prominent cylindrical outer earcups constructed with premium matte brushed-aluminium housing.;2-6-4;Unknown;Picture;Goed;;"Cylindrical Shapes; Singular Rounding; Multiple Rounding; Matt Surfaces";;
DDP-0303;Mobile phone;2;6;5;Ericsson;T10;Pink;Black;Richard Lindahl;1999;Postmodern;Sweden;"Part of the ""Fun"" product segment targeting younger consumers with a vibrant palette, featuring a prominent stubby external antenna and a signature active flip cover that protects the keypad and ends calls when closed.";2-6-5;Unknown;Picture;Redelijk;;"Block Shapes; Cylindrical Shapes; Multiple Rounding; Matt Surfaces";;
DDP-0304;Mobile phone;2;6;5;Motorola;StarTAC;Silver;Grey;Albert Nagele;2000;Digital Era;U.S.A.;"This design represents the early 2000s transition from the original black 1990s StarTAC to a premium, futuristic ""silver/metallic"" aesthetic. It featured a highly compact clamshell (flip) mechanism and was the first series to implement a multi-colour electroluminescent/OLED display.";2-6-5;Unknown;Picture;Goed;;"Block Shapes; Cylindrical Shapes; Singular Rounding; Multiple Rounding";;
DDP-0305;Mobile phone;2;6;5;Motorola;CD920;Black;Silver;Albert Nagele;1998;Postmodern;U.S.A.;Features an ergonomically curved body shape and a signature active flip-cover protecting the keypad.;2-6-5;Unknown;Picture;Goed;;"Block Shapes; Cylindrical Shapes; Singular Rounding; Multiple Rounding";;
DDP-0306;Mobile phone;2;6;5;Motorola;V50;Blue;Grey;Unknown;2000;Digital Era;U.S.A.;It was developed as a hyper-compact, premium successor to the famous StarTAC line. At its launch, it was celebrated as one of the smallest and lightest mobile phones globally, making the flip mechanism a luxury fashion statement.;2-6-5;Unknown;Picture;Goed;;"Block Shapes; Cylindrical Shapes; Multiple Rounding";;
DDP-0307;Mobile phone;2;6;5;Nokia;7600;Brown;White;Tej Chauhan;2003;Digital Era;Finland;Known internally during development as project Mango. It was a radical 'fashion' phone shaped like a teardrop or leaf. It aimed to encourage two-handed texting with its split key layout.;2-6-5;Unknown;Picture;Goed;;"Block Shapes; Singular Rounding; Multiple Rounding; Glossy Surfaces";;
DDP-0308;Mobile phone;2;6;5;Nokia;3210;Blue;Silver;Alastair Curtis;1999;Postmodern;Finland;This model features a distinctive internal antenna, smooth organic contours, and a customizable 'Xpress-on' fascia.;2-6-5;Unknown;Picture;Redelijk;;"Block Shapes; Singular Rounding; Multiple Rounding; Glossy Surfaces";;
DDP-0309;Mobile phone;2;6;5;Sony Ericsson;K700i;Grey;Silver;Unknown;2004;Digital Era;Sweden;The concept relied on a 'dual-front' layout. Held vertically, it featured the traditional layout of a premium candybar mobile phone. Turned horizontally, the back side mirrored the user interface and physical appearance of a dedicated point-and-shoot digital camera, aiming to bridge the gap between communication and mobile multimedia.;2-6-5;Unknown;Picture;Goed;;"Block Shapes; Singular Rounding; Glossy Surfaces";;
DDP-0310;Mobile phone;2;6;5;Siemens;C55;Blue;Silver;Unknown;2002;Digital Era;Germany;This model was the pioneer of the Siemens x55 generation, introducing a slimmed-down physical profile, unified circular control keys, and interchangeable 'CLIPit' front and back covers.;2-6-5;Unknown;Picture;Goed;;"Block Shapes; Singular Rounding; Multiple Rounding; Glossy Surfaces";;
DDP-0311;Mobile phone;2;6;5;Motorola;RAZR V3;Silver;Grey;"Chris Arnholt; Paul Pierce";2004;Digital Era;U.S.A.;"It features an ultra-slim clamshell profile (13.9 mm thick) crafted out of an aircraft-grade anodised aluminium housing. It also includes a distinctive ""chin"" at the bottom to house the antenna and a unique chemically etched nickel-plated copper alloy keypad.";2-6-5;Unknown;Picture;Goed;;"Block Shapes; Singular Rounding; Multiple Rounding; Glossy Surfaces";;
DDP-0312;Mobile phone;2;6;6;Nokia;9210 Communicator;Silver;Grey;Unknown;2000;Digital Era;Finland;This brick-like phone features a dual-form factor design. It functions as a standard mobile phone on the outside but splits open horizontally along a rugged mechanical hinge to reveal a full QWERTY keyboard and an internal colour display.;2-6-6;Unknown;Picture;Goed;;"Block Shapes; Singular Rounding; Multiple Rounding";;
DDP-0313;Digital camera;2;6;4;Sony;Cyber-shot DSC-P51;Silver;Grey;Unknown;2002;Digital Era;Japan;This model belongs to Sony's early compact 'P-series' digital camera line. It features a distinctively long, rounded, pocketable candy-bar body shape. This specific profile was engineered around the placement of internal AA battery chambers and the horizontal layout of early digital sensors.;2-6-4;Unknown;Picture;Goed;;"Block Shapes; Singular Rounding; Multiple Rounding; Matt Surfaces; Chrome";;
DDP-0314;Clock radio;2;6;6;Universum;UR-200;Blue;Yellow;Unknown;1995;Postmodern;Germany;This product heavily embodies 1990s Memphis-inspired industrial design aimed at children. It features a distinct playful primary-colour palette (bold blue body, red speaker grille, and contrasting yellow structural buttons). The prominent white dome on top serves as an integrated night light/wake-up light.;2-6-6;Unknown;Picture;Redelijk;;"Block Shapes; Singular Rounding; Multiple Rounding; Glossy Surfaces";;
DDP-0315;Portable CD player;2;6;8;Memorex;CD-3100;Black;Multi;Unknown;1987;Late Modern;U.S.A.;A classic early-generation Discman-style design featuring flat tactile controls, a brushed metallic interface plate accents, and a highly angular, technological aesthetic typical of late-1980s portable audio gear.;2-6-8;Unknown;Picture;Goed;;"Block Shapes; Singular Rounding; Matt Surfaces";;
DDP-0316;Cassette player;2;6;8;Philips ;D6607 Moving Sound;Green;Black;Unknown;1986;Late Modern;Netherlands;Part of Philips' iconic 'Moving Sound' campaign launched in the mid-1980s, this unit targeting teenagers features a distinct brightly coloured plastic chassis, utilitarian grey mechanical buttons, and a massive smoky transparent plastic cover designed to let users watch the cassette tape reels spin inside.;2-6-8;Unknown;Picture;Redelijk;;"Block Shapes; Singular Rounding; Multiple Rounding; Glossy Surfaces";;
DDP-0317;Cassette player;2;6;8;Audio Sonic;CT141F;White;Black;Unknown;1985;Late Modern;Netherlands;A budget-friendly, mass-market personal stereo characterized by bold, geometric graphic overlays. It employs striking diagonal colour blocks, dynamic speed lines over the faux speaker grille, and oversized typography typical of affordable European youth electronics from the late eighties.;2-6-8;Unknown;Picture;Goed;;"Block Shapes; Singular Rounding; Glossy Surfaces";;
DDP-0318;Cassette player;2;6;8;Ohayo;SPC 344 Bass Boost;Black;;Unknown;1990;Postmodern;China;A budget-conscious personal stereo featuring a minimalist satin-black plastic housing. It foregoes complex graphic lines in favour of elegant gold-and-blue typography and a stylized, sweeping V-shaped clear viewing window on the cassette door to monitor tape progression.;2-6-8;Unknown;Picture;Goed;;"Block Shapes; Multiple Rounding; Matt Surfaces";;
;;;;;;;;;;;;;;;;;;;;;
;;;;;;;;;;;;;;;;;;;;;
;;;;;;;;;;;;;;;;;;;;;
;;;;;;;;;;;;;;;;;;;;;
;;;;;;;;;;;;;;;;;;;;;
;;;;;;;;;;;;;;;;;;;;;
;;;;;;;;;;;;;;;;;;;;;
;;;;;;;;;;;;;;;;;;;;;
;;;;;;;;;;;;;;;;;;;;;
;;;;;;;;;;;;;;;;;;;;;
;;;;;;;;;;;;;;;;;;;;;
;;;;;;;;;;;;;;;;;;;;;
;;;;;;;;;;;;;;;;;;;;;
;;;;;;;;;;;;;;;;;;;;;
;;;;;;;;;;;;;;;;;;;;;
;;;;;;;;;;;;;;;;;;;;;
;;;;;;;;;;;;;;;;;;;;;
;;;;;;;;;;;;;;;;;;;;;
;;;;;;;;;;;;;;;;;;;;;
;;;;;;;;;;;;;;;;;;;;;
;;;;;;;;;;;;;;;;;;;;;
;;;;;;;;;;;;;;;;;;;;;
;;;;;;;;;;;;;;;;;;;;;
;;;;;;;;;;;;;;;;;;;;;
;;;;;;;;;;;;;;;;;;;;;
;;;;;;;;;;;;;;;;;;;;;
;;;;;;;;;;;;;;;;;;;;;
;;;;;;;;;;;;;;;;;;;;;
;;;;;;;;;;;;;;;;;;;;;
;;;;;;;;;;;;;;;;;;;;;
;;;;;;;;;;;;;;;;;;;;;
;;;;;;;;;;;;;;;;;;;;;
;;;;;;;;;;;;;;;;;;;;;
;;;;;;;;;;;;;;;;;;;;;
;;;;;;;;;;;;;;;;;;;;;
;;;;;;;;;;;;;;;;;;;;;
;;;;;;;;;;;;;;;;;;;;;
;;;;;;;;;;;;;;;;;;;;;
;;;;;;;;;;;;;;;;;;;;;
;;;;;;;;;;;;;;;;;;;;;
;;;;;;;;;;;;;;;;;;;;;
;;;;;;;;;;;;;;;;;;;;;
;;;;;;;;;;;;;;;;;;;;;
;;;;;;;;;;;;;;;;;;;;;
;;;;;;;;;;;;;;;;;;;;;
;;;;;;;;;;;;;;;;;;;;;
;;;;;;;;;;;;;;;;;;;;;
;;;;;;;;;;;;;;;;;;;;;
;;;;;;;;;;;;;;;;;;;;;
;;;;;;;;;;;;;;;;;;;;;
;;;;;;;;;;;;;;;;;;;;;
;;;;;;;;;;;;;;;;;;;;;
;;;;;;;;;;;;;;;;;;;;;
;;;;;;;;;;;;;;;;;;;;;
;;;;;;;;;;;;;;;;;;;;;
;;;;;;;;;;;;;;;;;;;;;
;;;;;;;;;;;;;;;;;;;;;
;;;;;;;;;;;;;;;;;;;;;
;;;;;;;;;;;;;;;;;;;;;
;;;;;;;;;;;;;;;;;;;;;
;;;;;;;;;;;;;;;;;;;;;
;;;;;;;;;;;;;;;;;;;;;
;;;;;;;;;;;;;;;;;;;;;
;;;;;;;;;;;;;;;;;;;;;
;;;;;;;;;;;;;;;;;;;;;
;;;;;;;;;;;;;;;;;;;;;
;;;;;;;;;;;;;;;;;;;;;
;;;;;;;;;;;;;;;;;;;;;
;;;;;;;;;;;;;;;;;;;;;
;;;;;;;;;;;;;;;;;;;;;
;;;;;;;;;;;;;;;;;;;;;
;;;;;;;;;;;;;;;;;;;;;
;;;;;;;;;;;;;;;;;;;;;
;;;;;;;;;;;;;;;;;;;;;
